order_id,customer_id,order_date,status,region_code
O00001,C0437,2026-06-14 10:14:37,SHIPPED,SA
O00002,C0191,2025-08-28 04:59:26,DELIVERED,NA
O00003,C0203,2026-06-15 04:28:10,DELIVERED,NA
O00004,C0211,2026-05-07 14:01:38,DELIVERED,NA
O00005,C0550,2025-10-08 10:38:00,DELIVERED,SA
O00006,C0502,2026-04-28 18:20:30,DELIVERED,AF
O00007,C0402,2026-03-22 21:48:52,DELIVERED,SA
O00008,C0305,2026-06-07 07:10:55,DELIVERED,OC
O00009,C0121,2026-03-03 07:19:47,SHIPPED,AS
O00010,C0524,2026-07-08 01:08:47,DELIVERED,AF
O00011,C0191,2025-07-16 20:02:52,DELIVERED,OC
O00012,C0178,2026-03-15 13:43:39,DELIVERED,EU
O00013,C0462,2026-05-10 07:32:18,DELIVERED,NA
O00014,C0200,2026-03-14 21:56:35,RETURNED,AF
O00015,C0419,2025-12-07 22:30:30,DELIVERED,SA
O00016,C0085,2025-08-02 09:58:50,DELIVERED,EU
O00017,C0282,2025-11-07 18:15:31,SHIPPED,SA
O00018,C0508,2026-02-01 01:04:43,SHIPPED,NA
O00019,C0557,2025-07-28 09:19:05,DELIVERED,NA
O00020,C0452,2025-11-13 09:43:03,RETURNED,NA
O00021,C0254,2026-02-07 01:58:53,RETURNED,SA
O00022,C0090,2026-02-16 18:50:29,RETURNED,EU
O00023,C0360,2025-09-08 11:39:30,DELIVERED,SA
O00024,C0143,2025-11-16 07:45:47,DELIVERED,NA
O00025,C0546,2026-01-23 12:11:38,DELIVERED,AS
O00026,C0300,2026-04-09 09:08:48,SHIPPED,AF
O00027,C0098,2025-10-06 03:27:01,DELIVERED,SA
O00028,C0284,2025-09-09 21:22:32,SHIPPED,EU
O00029,C0330,2025-08-01 00:21:01,DELIVERED,OC
O00030,C0146,2026-03-31 00:12:25,SHIPPED,SA
O00031,C0078,2026-04-22 12:16:41,DELIVERED,NA
O00032,C0285,2025-12-11 23:24:13,DELIVERED,SA
O00033,C0336,2026-01-01 10:54:57,DELIVERED,OC
O00034,C0470,2026-04-30 18:27:03,DELIVERED,NA
O00035,C0408,2026-02-28 12:30:20,DELIVERED,EU
O00036,C0331,2026-02-20 19:14:07,DELIVERED,AF
O00037,C0497,2026-01-24 09:53:24,DELIVERED,NA
O00038,UNKNOWN,2025-08-16 09:06:20,DELIVERED,NA
O00039,C0162,2025-10-06 15:27:35,PLACED,SA
O00040,C0136,2025-12-27 03:24:14,DELIVERED,AS
O00041,C0370,2025-11-01 22:26:42,DELIVERED,OC
O00042,C0406,2026-05-13 18:57:19,DELIVERED,EU
O00043,C0094,2025-12-12 12:49:22,PLACED,SA
O00044,C0232,2025-09-07 21:02:50,DELIVERED,NA
O00045,C0124,2025-09-01 17:33:46,DELIVERED,EU
O00046,C0235,2025-11-19 22:47:10,DELIVERED,NA
O00047,C0377,2025-08-13 10:50:52,SHIPPED,EU
O00048,C0147,2026-01-13 00:00:00,DELIVERED,AF
O00049,C0451,2026-02-19 07:41:02,SHIPPED,OC
O00050,C0422,2026-04-27 20:18:40,DELIVERED,EU
O00051,C0103,2025-07-31 13:05:03,SHIPPED,OC
O00052,C0440,2026-02-10 06:37:20,SHIPPED,AS
O00053,C0255,2025-12-14 10:12:15,DELIVERED,AF
O00054,C0028,2025-10-22 08:41:21,DELIVERED,AS
O00055,C0522,2025-08-14 10:27:55,DELIVERED,OC
O00056,C0246,2025-12-14 04:00:46,SHIPPED,SA
O00057,C0073,2026-01-23 06:48:07,RETURNED,AS
O00058,C0136,2025-12-28 03:13:20,DELIVERED,SA
O00059,C0177,2026-05-08 22:02:40,RETURNED,NA
O00060,UNKNOWN,2026-04-09 00:00:00,SHIPPED,NA
O00061,C0408,2025-09-01 00:39:22,DELIVERED,AF
O00062,C0434,2026-05-04 08:07:59,PLACED,AF
O00063,C0157,2025-09-02 18:33:29,DELIVERED,AF
O00064,C0160,2026-01-15 03:59:39,DELIVERED,OC
O00065,C0068,2026-02-14 14:29:23,DELIVERED,EU
O00066,C0089,2025-09-27 07:58:37,SHIPPED,AF
O00067,C0317,2026-01-17 20:40:00,DELIVERED,EU
O00068,C0141,2025-12-12 22:06:35,SHIPPED,AS
O00069,C0266,2026-03-22 16:52:03,SHIPPED,AS
O00070,C0121,2026-02-19 06:39:34,PLACED,SA
O00071,C0066,2025-09-26 13:14:58,RETURNED,OC
O00072,C0467,2026-02-15 07:55:58,PLACED,AF
O00073,C0162,2026-03-08 14:58:41,SHIPPED,AF
O00074,C0119,2026-04-24 02:23:31,DELIVERED,NA
O00075,C0013,2026-01-31 23:48:54,DELIVERED,SA
O00076,C0184,2025-10-16 00:38:57,DELIVERED,AF
O00077,C0430,2025-10-14 12:00:43,SHIPPED,OC
O00078,C0080,2025-08-09 05:14:31,SHIPPED,OC
O00079,C0184,2025-10-23 19:10:03,DELIVERED,NA
O00080,C0071,2026-05-10 01:30:37,DELIVERED,AS
O00081,C0567,2025-12-26 09:58:29,DELIVERED,AS
O00082,C0312,2025-11-14 23:53:11,SHIPPED,AS
O00083,C0506,2026-04-04 07:41:31,DELIVERED,OC
O00084,C0252,2026-07-06 07:03:46,CANCELLED,NA
O00085,C0355,2026-02-21 02:21:02,DELIVERED,NA
O00086,C0002,2025-08-16 04:33:15,DELIVERED,OC
O00087,C0107,2025-08-25 02:19:33,RETURNED,SA
O00088,C0062,2026-03-30 06:36:45,SHIPPED,AS
O00089,C0238,2025-12-20 00:20:08,DELIVERED,OC
O00090,C0470,2025-12-23 21:09:22,PLACED,NA
O00091,C0404,2025-12-01 00:00:00,DELIVERED,SA
O00092,C0134,2025-11-24 15:56:10,SHIPPED,AS
O00093,C0403,2025-09-24 08:57:53,DELIVERED,AS
O00094,C0240,2025-11-13 00:00:00,SHIPPED,AF
O00095,C0109,2025-11-23 04:40:35,DELIVERED,SA
O00096,C0367,2026-02-28 00:48:28,SHIPPED,AS
O00097,C0123,2026-03-23 00:00:00,DELIVERED,AS
O00098,C0042,2025-07-21 19:05:44,DELIVERED,EU
O00099,C0255,2026-05-07 07:25:16,DELIVERED,NA
O00100,C0267,2025-11-07 18:35:21,SHIPPED,SA
O00101,C0570,2025-09-16 03:02:42,SHIPPED,SA
O00102,C0144,2025-11-25 05:03:53,PLACED,EU
O00103,C0411,2026-03-08 17:04:03,DELIVERED,OC
O00104,C0266,2026-05-27 11:11:24,PLACED,NA
O00105,C0455,2026-05-20 04:04:22,PLACED,AS
O00106,C0473,2025-12-31 00:00:00,CANCELLED,SA
O00107,C0405,2026-03-11 09:57:01,DELIVERED,SA
O00108,C0220,2025-09-07 00:35:54,SHIPPED,SA
O00109,C0036,2025-12-30 10:53:18,DELIVERED,OC
O00110,C0422,2025-07-29 19:45:38,DELIVERED,NA
O00111,C0141,2026-07-06 07:45:47,DELIVERED,AF
O00112,C0557,2026-05-26 03:23:12,RETURNED,OC
O00113,C0558,2025-10-11 01:45:08,DELIVERED,AF
O00114,C0398,2025-09-27 22:40:21,PLACED,AF
O00115,C0288,2026-04-04 00:00:00,RETURNED,AF
O00116,C0599,2025-12-04 13:44:02,RETURNED,NA
O00117,C0247,2025-09-10 23:24:54,DELIVERED,OC
O00118,C0225,2026-05-02 16:03:44,RETURNED,SA
O00119,C0178,2026-04-21 07:27:37,DELIVERED,OC
O00120,C0029,2026-06-08 13:48:34,DELIVERED,AF
O00121,C0577,2025-08-14 17:19:12,DELIVERED,SA
O00122,C0180,2025-08-25 00:51:07,PLACED,EU
O00123,C0021,2026-04-25 14:52:19,PLACED,AF
O00124,C0134,2025-08-02 13:48:10,SHIPPED,AS
O00125,C0152,2025-10-14 18:50:45,CANCELLED,NA
O00126,C0374,2026-03-10 13:38:02,DELIVERED,OC
O00127,C0104,2026-07-07 07:13:06,DELIVERED,EU
O00128,C0448,2025-09-07 17:55:18,RETURNED,OC
O00129,C0576,2026-06-14 18:49:49,CANCELLED,AS
O00130,C0180,2026-05-31 16:25:08,DELIVERED,AS
O00131,C0002,2026-05-26 21:40:27,CANCELLED,SA
O00132,C0582,2025-11-01 00:00:00,DELIVERED,AF
O00133,C0580,2025-07-17 17:28:30,DELIVERED,AS
O00134,C0244,2025-11-22 16:59:33,DELIVERED,OC
O00135,C0091,2026-04-07 20:06:42,DELIVERED,OC
O00136,C0458,2026-05-20 00:00:00,SHIPPED,OC
O00137,C0263,2025-08-24 14:39:27,DELIVERED,NA
O00138,C0430,2025-11-07 21:22:40,DELIVERED,SA
O00139,C0360,2026-01-03 04:20:58,SHIPPED,SA
O00140,C0592,2026-01-11 09:17:01,DELIVERED,EU
O00141,C0035,2025-07-21 05:29:58,DELIVERED,NA
O00142,C0175,2025-11-18 06:47:12,SHIPPED,NA
O00143,C0096,2025-10-01 13:34:54,RETURNED,SA
O00144,C0442,2026-04-25 18:53:33,SHIPPED,SA
O00145,C0104,2026-02-06 08:02:45,RETURNED,SA
O00146,C0554,2025-10-02 16:17:33,SHIPPED,EU
O00147,C0403,2025-09-29 13:02:16,DELIVERED,EU
O00148,C0004,2026-02-09 14:30:52,SHIPPED,OC
O00149,C0492,2026-01-31 14:39:47,PLACED,EU
O00150,C0084,2026-04-29 19:17:18,SHIPPED,SA
O00151,C0272,2025-10-20 00:00:00,DELIVERED,EU
O00152,C0391,2026-02-10 12:39:32,DELIVERED,AS
O00153,C0270,2026-01-15 23:36:12,SHIPPED,NA
O00154,C0100,2026-03-11 00:00:00,DELIVERED,AF
O00155,C0233,2026-04-21 20:51:09,DELIVERED,AF
O00156,C0549,2025-09-05 06:55:30,CANCELLED,AF
O00157,C0488,2026-04-08 08:00:15,DELIVERED,OC
O00158,UNKNOWN,2026-04-09 18:20:32,DELIVERED,AF
O00159,C0151,2026-03-28 22:06:42,DELIVERED,EU
O00160,C0172,2025-07-19 12:51:54,DELIVERED,EU
O00161,UNKNOWN,2025-12-05 00:00:00,DELIVERED,EU
O00162,C0152,2026-02-23 19:28:17,SHIPPED,OC
O00163,C0069,2026-06-29 00:00:00,DELIVERED,AF
O00164,C0283,2026-03-27 02:00:14,CANCELLED,NA
O00165,C0536,2026-02-01 23:35:42,SHIPPED,EU
O00166,C0597,2025-07-29 06:45:12,CANCELLED,NA
O00167,C0104,2025-10-19 14:29:50,DELIVERED,AS
O00168,C0271,2025-09-16 12:57:57,DELIVERED,AF
O00169,C0177,2025-08-04 17:44:16,SHIPPED,AF
O00170,C0412,2025-10-30 00:00:00,DELIVERED,AS
O00171,C0051,2025-09-28 08:05:40,CANCELLED,AS
O00172,UNKNOWN,2026-05-14 21:14:29,DELIVERED,AS
O00173,C0101,2026-04-08 21:34:15,SHIPPED,AS
O00174,C0454,2026-03-09 09:19:15,DELIVERED,OC
O00175,C0092,2025-10-25 17:59:53,SHIPPED,SA
O00176,C0529,2025-08-02 00:15:43,DELIVERED,AF
O00177,C0068,2026-01-08 23:13:14,DELIVERED,EU
O00178,C0537,2026-03-23 16:15:26,PLACED,EU
O00179,C0206,2025-07-15 15:09:06,SHIPPED,SA
O00180,C0370,2025-08-07 06:12:29,SHIPPED,SA
O00181,C0127,2025-12-10 07:54:25,SHIPPED,SA
O00182,C0182,2026-03-25 20:35:33,DELIVERED,AF
O00183,C0168,2025-10-25 18:16:03,SHIPPED,OC
O00184,C0029,2026-03-26 20:54:30,SHIPPED,AF
O00185,C0220,2026-06-08 07:27:37,DELIVERED,OC
O00186,C0420,2026-07-01 22:01:31,DELIVERED,OC
O00187,UNKNOWN,2026-03-25 18:03:11,DELIVERED,AF
O00188,C0230,2025-11-29 06:57:26,DELIVERED,AS
O00189,C0282,2026-06-13 01:09:58,DELIVERED,AS
O00190,C0224,2025-08-23 07:05:33,DELIVERED,AF
O00191,C0105,2025-07-19 00:00:00,RETURNED,AS
O00192,C0290,2025-11-02 23:43:40,SHIPPED,NA
O00193,C0284,2026-06-14 06:19:22,DELIVERED,AS
O00194,C0306,2026-06-20 11:22:40,DELIVERED,EU
O00195,C0414,2026-03-21 14:25:20,DELIVERED,OC
O00196,UNKNOWN,2025-12-09 12:07:45,SHIPPED,SA
O00197,C0037,2025-10-10 04:07:09,RETURNED,EU
O00198,C0228,2025-12-07 05:51:50,DELIVERED,SA
O00199,C0368,2026-01-25 21:24:39,DELIVERED,OC
O00200,C0186,2026-04-14 00:15:02,DELIVERED,OC
O00201,C0573,2025-08-20 01:50:43,SHIPPED,OC
O00202,C0092,2026-06-28 10:10:11,SHIPPED,AS
O00203,C0340,2025-11-11 21:44:03,DELIVERED,SA
O00204,C0482,2026-01-16 00:00:00,DELIVERED,AF
O00205,C0073,2026-06-14 00:22:45,SHIPPED,NA
O00206,C0391,2026-03-01 06:54:24,DELIVERED,EU
O00207,C0206,2026-02-03 19:58:33,RETURNED,SA
O00208,C0185,2025-08-15 13:53:01,DELIVERED,OC
O00209,C0321,2025-09-22 19:00:27,PLACED,AS
O00210,C0173,2025-09-27 15:07:22,SHIPPED,NA
O00211,C0445,2026-01-22 19:52:31,DELIVERED,SA
O00212,C0039,2026-01-06 06:12:46,DELIVERED,NA
O00213,C0544,2026-02-15 03:27:29,DELIVERED,OC
O00214,C0232,2026-07-07 03:40:45,DELIVERED,EU
O00215,C0516,2026-04-15 02:09:57,SHIPPED,NA
O00216,C0298,2025-07-20 17:45:31,DELIVERED,AF
O00217,C0138,2025-07-27 19:59:27,CANCELLED,AS
O00218,C0169,2025-10-16 11:20:00,CANCELLED,SA
O00219,UNKNOWN,2026-07-05 13:39:07,RETURNED,EU
O00220,C0517,2026-02-02 23:58:49,DELIVERED,OC
O00221,C0385,2025-11-07 19:36:07,SHIPPED,AF
O00222,C0050,2025-11-18 22:33:57,DELIVERED,NA
O00223,UNKNOWN,2026-01-18 15:58:36,DELIVERED,NA
O00224,C0486,2025-12-12 04:13:25,SHIPPED,OC
O00225,C0309,2026-04-27 11:41:45,SHIPPED,AF
O00226,C0141,2025-09-11 08:52:00,DELIVERED,AF
O00227,C0121,2025-07-19 12:42:47,DELIVERED,SA
O00228,C0205,2025-11-24 01:41:40,DELIVERED,EU
O00229,C0420,2026-04-04 03:42:56,PLACED,SA
O00230,C0493,2025-11-26 01:32:21,PLACED,OC
O00231,C0114,2025-11-27 09:50:09,DELIVERED,EU
O00232,C0524,2026-03-12 00:00:00,DELIVERED,AS
O00233,C0468,2025-11-06 19:21:22,SHIPPED,SA
O00234,C0179,2025-10-12 03:03:34,DELIVERED,AS
O00235,C0321,2026-01-23 01:28:26,SHIPPED,NA
O00236,UNKNOWN,2025-10-27 12:50:36,DELIVERED,AS
O00237,C0449,2026-05-23 16:51:41,SHIPPED,OC
O00238,C0351,2025-08-05 11:26:38,DELIVERED,SA
O00239,C0395,2026-03-12 10:16:45,DELIVERED,SA
O00240,C0171,2025-10-20 11:13:02,DELIVERED,NA
O00241,C0164,2026-06-18 15:20:14,CANCELLED,SA
O00242,C0449,2025-12-09 18:09:47,DELIVERED,AS
O00243,C0134,2026-06-23 04:37:14,DELIVERED,SA
O00244,C0065,2026-05-24 20:30:16,DELIVERED,OC
O00245,C0538,2025-07-23 20:06:49,DELIVERED,AF
O00246,C0347,2026-02-12 21:52:52,DELIVERED,AF
O00247,C0255,2025-10-29 05:04:03,DELIVERED,OC
O00248,C0572,2025-10-08 00:03:17,DELIVERED,NA
O00249,C0161,2025-09-09 07:29:39,DELIVERED,SA
O00250,C0077,2025-11-22 03:08:58,DELIVERED,AS
O00251,C0052,2026-06-25 19:45:06,DELIVERED,SA
O00252,C0241,2025-12-11 00:00:00,DELIVERED,AF
O00253,C0511,2026-03-24 12:31:10,SHIPPED,SA
O00254,C0019,2025-09-03 16:50:02,DELIVERED,AF
O00255,C0094,2025-08-15 11:46:49,RETURNED,OC
O00256,C0521,2026-04-21 20:32:11,DELIVERED,SA
O00257,C0373,2025-12-07 19:54:00,DELIVERED,SA
O00258,C0485,2026-01-30 14:54:49,DELIVERED,SA
O00259,C0228,2026-04-01 00:00:00,DELIVERED,OC
O00260,C0299,2026-03-07 05:54:15,DELIVERED,NA
O00261,UNKNOWN,2026-06-16 07:38:20,SHIPPED,OC
O00262,C0420,2026-03-12 07:47:00,DELIVERED,EU
O00263,C0403,2026-04-05 00:19:57,DELIVERED,EU
O00264,C0111,2025-10-08 17:15:14,PLACED,OC
O00265,C0127,2025-12-21 11:18:01,DELIVERED,OC
O00266,C0517,2025-10-13 17:47:48,DELIVERED,AF
O00267,C0567,2026-02-19 21:16:23,DELIVERED,SA
O00268,C0182,2025-09-09 17:11:49,SHIPPED,EU
O00269,C0330,2025-12-25 00:24:48,DELIVERED,AF
O00270,C0255,2025-11-10 17:05:24,RETURNED,AS
O00271,C0137,2026-06-30 16:49:12,DELIVERED,OC
O00272,C0561,2026-03-04 11:55:07,DELIVERED,AF
O00273,C0206,2025-11-17 06:37:40,DELIVERED,OC
O00274,C0136,2026-01-02 20:01:54,DELIVERED,EU
O00275,C0331,2026-02-07 23:27:23,DELIVERED,AF
O00276,C0585,2025-09-01 13:40:37,DELIVERED,OC
O00277,C0547,2025-09-30 16:35:20,DELIVERED,NA
O00278,C0026,2026-03-22 18:57:27,PLACED,NA
O00279,C0165,2025-09-04 05:05:54,DELIVERED,EU
O00280,C0303,2026-02-23 01:04:13,DELIVERED,AS
O00281,C0105,2026-02-07 15:15:18,DELIVERED,AF
O00282,C0575,2026-04-04 01:16:01,DELIVERED,OC
O00283,C0049,2026-05-19 02:59:28,DELIVERED,OC
O00284,C0566,2025-09-28 00:00:00,DELIVERED,EU
O00285,C0454,2026-06-12 09:22:17,CANCELLED,OC
O00286,C0377,2025-09-04 00:44:48,DELIVERED,AF
O00287,C0199,2025-11-09 09:32:43,SHIPPED,OC
O00288,C0178,2026-04-05 19:03:21,SHIPPED,NA
O00289,C0570,2026-04-12 05:49:08,SHIPPED,AS
O00290,UNKNOWN,2026-06-26 09:25:59,CANCELLED,NA
O00291,C0331,2026-01-31 19:41:33,DELIVERED,OC
O00292,C0309,2026-06-30 15:12:38,DELIVERED,AS
O00293,C0326,2025-09-02 22:06:58,RETURNED,AF
O00294,C0518,2025-12-26 09:57:41,DELIVERED,SA
O00295,C0227,2026-06-30 09:59:06,DELIVERED,AS
O00296,C0224,2026-05-07 10:51:28,DELIVERED,SA
O00297,C0010,2025-09-06 18:23:24,DELIVERED,EU
O00298,C0250,2026-03-24 05:59:41,DELIVERED,AS
O00299,C0117,2026-07-09 17:56:27,DELIVERED,AS
O00300,UNKNOWN,2026-02-16 18:12:07,DELIVERED,AF
O00301,C0457,2026-07-03 13:34:34,SHIPPED,OC
O00302,C0527,2025-09-11 00:00:00,PLACED,AF
O00303,C0068,2025-11-12 16:45:03,DELIVERED,EU
O00304,C0435,2025-08-07 17:32:39,SHIPPED,OC
O00305,C0446,2026-02-13 20:15:35,CANCELLED,OC
O00306,C0025,2026-02-04 09:01:59,DELIVERED,NA
O00307,C0183,2026-04-17 19:08:35,DELIVERED,AF
O00308,C0265,2025-08-27 08:55:16,DELIVERED,SA
O00309,C0018,2025-09-21 21:44:10,SHIPPED,NA
O00310,C0065,2025-11-12 17:41:44,DELIVERED,OC
O00311,C0367,2026-06-03 10:23:18,SHIPPED,OC
O00312,C0089,2026-06-19 00:17:35,CANCELLED,SA
O00313,C0032,2025-09-06 21:50:33,DELIVERED,EU
O00314,C0559,2026-04-20 18:20:38,DELIVERED,AS
O00315,C0383,2025-07-23 20:16:34,PLACED,AF
O00316,C0043,2026-05-05 00:00:00,DELIVERED,AF
O00317,C0088,2025-11-13 03:51:14,DELIVERED,OC
O00318,C0423,2026-06-19 04:53:43,DELIVERED,EU
O00319,C0227,2025-12-20 04:36:20,SHIPPED,NA
O00320,C0581,2025-12-19 02:36:57,DELIVERED,AF
O00321,C0563,2025-11-07 00:00:00,DELIVERED,AS
O00322,C0595,2025-12-31 10:34:21,DELIVERED,EU
O00323,C0241,2026-04-27 23:03:28,DELIVERED,EU
O00324,C0462,2026-07-10 00:49:30,DELIVERED,OC
O00325,C0580,2026-05-27 12:15:24,DELIVERED,SA
O00326,C0321,2026-06-24 15:22:05,SHIPPED,OC
O00327,C0284,2026-03-16 17:19:10,SHIPPED,OC
O00328,C0492,2026-07-09 19:59:32,DELIVERED,AS
O00329,C0112,2026-04-25 03:17:44,DELIVERED,AS
O00330,C0144,2025-10-26 17:26:12,SHIPPED,OC
O00331,C0079,2025-09-09 09:48:50,DELIVERED,AF
O00332,C0596,2026-05-10 23:17:00,DELIVERED,EU
O00333,C0565,2025-09-23 09:08:23,DELIVERED,AF
O00334,C0153,2025-08-22 20:39:12,SHIPPED,AF
O00335,C0298,2025-09-01 11:34:05,DELIVERED,NA
O00336,C0515,2025-09-22 00:00:00,SHIPPED,AF
O00337,C0527,2025-07-22 13:39:24,SHIPPED,AF
O00338,C0150,2026-05-04 11:59:50,DELIVERED,AS
O00339,UNKNOWN,2026-03-07 01:33:12,SHIPPED,AS
O00340,C0044,2026-03-08 23:49:47,DELIVERED,AS
O00341,C0466,2025-10-24 00:48:41,PLACED,OC
O00342,C0534,2026-03-04 14:06:53,SHIPPED,OC
O00343,C0558,2026-02-17 14:41:46,DELIVERED,SA
O00344,C0080,2026-03-07 05:05:57,DELIVERED,EU
O00345,C0362,2025-10-10 01:43:17,DELIVERED,SA
O00346,C0007,2026-02-28 23:57:22,SHIPPED,EU
O00347,C0527,2025-10-10 13:34:11,SHIPPED,EU
O00348,C0122,2025-10-10 01:43:51,DELIVERED,AS
O00349,C0494,2026-04-05 08:17:52,DELIVERED,AF
O00350,C0421,2025-07-22 00:00:00,PLACED,AF
O00351,C0138,2025-11-28 22:01:48,PLACED,AF
O00352,C0171,2025-08-12 06:14:10,SHIPPED,SA
O00353,C0578,2026-04-05 15:24:47,DELIVERED,OC
O00354,C0291,2026-05-11 05:58:44,SHIPPED,AF
O00355,C0494,2026-01-13 11:43:34,DELIVERED,AF
O00356,C0597,2025-09-02 11:14:58,SHIPPED,OC
O00357,C0172,2026-01-23 11:28:34,DELIVERED,SA
O00358,C0071,2026-06-06 00:03:05,DELIVERED,NA
O00359,UNKNOWN,2026-03-04 05:47:37,CANCELLED,OC
O00360,C0154,2026-01-10 10:39:50,SHIPPED,AF
O00361,C0545,2026-04-14 21:58:15,SHIPPED,SA
O00362,C0553,2026-03-21 15:53:21,DELIVERED,OC
O00363,C0535,2025-12-04 15:01:33,DELIVERED,OC
O00364,C0235,2025-09-21 20:15:24,DELIVERED,SA
O00365,C0590,2026-06-08 00:00:00,SHIPPED,SA
O00366,C0086,2025-12-09 20:51:47,DELIVERED,SA
O00367,C0006,2026-01-19 06:04:35,DELIVERED,AF
O00368,C0533,2026-01-12 00:00:00,DELIVERED,OC
O00369,C0419,2025-09-03 19:10:59,SHIPPED,OC
O00370,C0268,2025-09-14 00:04:16,DELIVERED,AS
O00371,C0407,2025-09-25 10:47:01,DELIVERED,AF
O00372,C0380,2025-10-08 06:29:22,DELIVERED,AS
O00373,C0408,2025-07-24 21:52:22,DELIVERED,OC
O00374,C0236,2025-12-18 01:47:55,DELIVERED,EU
O00375,C0521,2026-05-05 07:29:24,DELIVERED,AF
O00376,C0054,2025-07-18 05:24:52,RETURNED,NA
O00377,C0149,2026-07-06 19:09:06,DELIVERED,NA
O00378,C0228,2025-10-25 04:44:13,DELIVERED,OC
O00379,C0411,2025-12-19 19:19:15,DELIVERED,OC
O00380,C0059,2025-10-06 19:49:38,DELIVERED,OC
O00381,C0011,2026-04-26 16:49:49,DELIVERED,AF
O00382,C0035,2026-03-30 02:48:19,DELIVERED,OC
O00383,C0174,2025-09-29 04:01:03,DELIVERED,OC
O00384,UNKNOWN,2026-05-02 16:27:41,RETURNED,SA
O00385,C0405,2025-09-29 20:07:43,SHIPPED,NA
O00386,C0071,2025-08-07 01:54:24,DELIVERED,OC
O00387,C0597,2025-09-19 03:57:36,RETURNED,AS
O00388,C0200,2026-07-07 10:41:59,DELIVERED,NA
O00389,C0417,2025-12-29 23:54:23,DELIVERED,AF
O00390,C0120,2026-06-14 03:41:59,RETURNED,AF
O00391,C0589,2026-03-09 00:52:54,DELIVERED,SA
O00392,C0250,2026-01-18 16:04:13,RETURNED,SA
O00393,C0029,2026-04-05 12:49:00,SHIPPED,SA
O00394,C0226,2025-11-15 13:43:06,SHIPPED,AS
O00395,C0362,2026-06-14 00:23:57,PLACED,AS
O00396,C0096,2026-01-06 02:05:58,DELIVERED,AS
O00397,C0183,2026-06-22 02:22:52,DELIVERED,AF
O00398,C0195,2025-10-16 05:39:49,SHIPPED,OC
O00399,C0272,2025-12-25 10:34:46,SHIPPED,EU
O00400,C0365,2025-12-16 15:06:12,SHIPPED,NA
O00401,C0505,2026-05-09 20:19:02,DELIVERED,AF
O00402,C0494,2025-07-28 15:19:14,DELIVERED,AF
O00403,C0503,2026-03-05 11:47:22,DELIVERED,AF
O00404,C0228,2026-04-23 23:15:38,SHIPPED,AF
O00405,C0490,2026-05-28 12:46:13,PLACED,AS
O00406,C0179,2025-12-07 02:48:57,SHIPPED,AF
O00407,C0009,2026-04-18 00:00:00,SHIPPED,AF
O00408,C0371,2025-11-10 21:53:15,SHIPPED,AF
O00409,C0276,2025-12-12 11:13:21,DELIVERED,AS
O00410,C0435,2026-03-06 21:06:36,DELIVERED,AS
O00411,C0411,2026-07-12 02:52:58,SHIPPED,EU
O00412,C0235,2026-04-26 17:46:25,DELIVERED,EU
O00413,C0391,2026-02-19 12:17:13,DELIVERED,OC
O00414,C0010,2026-02-28 00:08:34,DELIVERED,OC
O00415,C0324,2026-02-05 14:50:21,DELIVERED,AF
O00416,C0049,2026-02-01 08:58:30,DELIVERED,NA
O00417,C0261,2026-03-18 11:41:43,DELIVERED,SA
O00418,C0267,2026-06-17 12:21:38,DELIVERED,AS
O00419,C0422,2026-04-11 20:16:34,DELIVERED,AF
O00420,C0590,2026-05-14 00:05:47,DELIVERED,AS
O00421,C0523,2025-07-27 08:25:45,DELIVERED,NA
O00422,C0294,2026-01-30 14:16:22,RETURNED,EU
O00423,C0346,2025-08-23 20:22:24,DELIVERED,SA
O00424,C0074,2026-01-03 00:00:00,DELIVERED,AS
O00425,C0299,2026-01-05 20:05:32,DELIVERED,SA
O00426,C0456,2026-05-29 13:45:52,CANCELLED,OC
O00427,C0462,2026-06-18 06:51:10,SHIPPED,NA
O00428,C0241,2025-07-28 20:48:59,CANCELLED,OC
O00429,C0216,2026-06-18 06:58:25,SHIPPED,NA
O00430,C0485,2025-10-15 19:45:48,PLACED,SA
O00431,C0086,2026-01-29 20:07:50,DELIVERED,NA
O00432,C0400,2026-02-06 06:46:31,SHIPPED,AS
O00433,C0130,2025-12-13 00:50:06,DELIVERED,NA
O00434,UNKNOWN,2026-04-23 21:45:12,CANCELLED,SA
O00435,C0554,2025-07-27 15:19:23,DELIVERED,EU
O00436,C0553,2026-02-13 23:37:16,DELIVERED,OC
O00437,C0578,2025-12-09 20:16:52,DELIVERED,AF
O00438,C0356,2026-01-28 20:07:15,SHIPPED,NA
O00439,C0375,2026-05-05 13:16:42,SHIPPED,NA
O00440,UNKNOWN,2026-03-14 07:32:31,DELIVERED,AS
O00441,C0548,2025-07-31 00:00:00,CANCELLED,SA
O00442,C0441,2025-09-24 03:00:18,DELIVERED,NA
O00443,C0194,2025-11-02 11:27:36,DELIVERED,SA
O00444,C0400,2025-12-30 02:24:38,SHIPPED,NA
O00445,C0246,2025-12-13 23:28:20,DELIVERED,AF
O00446,C0279,2026-06-20 20:39:16,DELIVERED,AS
O00447,C0071,2025-11-07 16:07:19,SHIPPED,OC
O00448,C0464,2026-05-08 20:39:50,DELIVERED,EU
O00449,C0156,2026-05-29 00:00:00,DELIVERED,EU
O00450,C0289,2025-10-31 10:23:19,DELIVERED,OC
O00451,UNKNOWN,2026-01-07 00:00:00,PLACED,EU
O00452,C0320,2025-09-15 01:14:21,DELIVERED,AS
O00453,C0033,2025-12-23 11:06:16,DELIVERED,EU
O00454,C0402,2025-11-03 00:00:00,DELIVERED,EU
O00455,C0257,2026-03-07 12:17:50,DELIVERED,NA
O00456,C0255,2026-07-04 07:28:42,RETURNED,EU
O00457,C0035,2025-08-02 13:53:00,DELIVERED,NA
O00458,C0214,2026-04-06 08:17:57,DELIVERED,AS
O00459,C0163,2026-01-29 03:58:40,PLACED,AF
O00460,C0260,2026-06-28 08:20:21,SHIPPED,AS
O00461,C0224,2025-09-05 15:14:27,SHIPPED,SA
O00462,C0172,2026-01-08 10:20:26,DELIVERED,SA
O00463,C0010,2026-05-30 16:38:23,DELIVERED,OC
O00464,C0159,2026-03-20 07:34:27,PLACED,EU
O00465,C0347,2026-01-03 19:36:10,RETURNED,OC
O00466,C0365,2025-08-16 12:26:27,DELIVERED,NA
O00467,C0239,2026-04-19 01:01:40,DELIVERED,OC
O00468,C0450,2026-01-22 19:56:25,PLACED,SA
O00469,C0138,2025-08-25 08:18:26,PLACED,OC
O00470,C0302,2025-09-20 05:03:44,DELIVERED,AF
O00471,C0357,2026-05-10 19:46:19,DELIVERED,AF
O00472,C0568,2026-02-24 18:14:23,DELIVERED,SA
O00473,C0270,2026-07-11 14:47:48,DELIVERED,OC
O00474,C0190,2026-06-24 17:12:46,DELIVERED,AS
O00475,C0245,2026-04-08 17:43:32,PLACED,AF
O00476,C0195,2026-02-09 14:21:18,DELIVERED,AF
O00477,C0290,2025-09-02 22:37:16,DELIVERED,NA
O00478,C0069,2025-12-12 00:00:00,CANCELLED,EU
O00479,C0207,2025-12-20 00:07:25,SHIPPED,NA
O00480,C0398,2025-11-15 00:20:45,DELIVERED,OC
O00481,C0051,2026-01-03 12:01:56,DELIVERED,NA
O00482,UNKNOWN,2025-07-22 01:40:09,DELIVERED,NA
O00483,C0063,2025-09-19 20:44:27,DELIVERED,SA
O00484,C0060,2026-01-04 14:04:57,SHIPPED,NA
O00485,C0312,2026-02-26 00:00:00,SHIPPED,AF
O00486,C0237,2026-06-25 14:33:09,SHIPPED,AF
O00487,C0584,2026-04-15 03:42:20,SHIPPED,OC
O00488,C0109,2026-06-25 06:53:07,DELIVERED,OC
O00489,C0438,2025-09-28 19:36:51,SHIPPED,EU
O00490,C0517,2026-06-20 03:25:09,SHIPPED,AF
O00491,C0361,2026-01-04 23:25:34,DELIVERED,AS
O00492,C0423,2025-08-16 10:00:25,DELIVERED,OC
O00493,C0247,2025-10-17 12:24:27,SHIPPED,AF
O00494,C0261,2025-11-15 06:04:03,DELIVERED,SA
O00495,UNKNOWN,2026-04-07 00:00:00,SHIPPED,NA
O00496,C0310,2026-03-21 00:00:00,RETURNED,EU
O00497,C0023,2026-06-29 16:50:19,CANCELLED,AS
O00498,C0524,2026-04-14 16:51:01,CANCELLED,EU
O00499,C0472,2026-05-17 17:15:40,SHIPPED,AS
O00500,C0256,2025-09-14 02:00:24,DELIVERED,NA
O00501,C0583,2026-04-17 09:12:33,DELIVERED,OC
O00502,C0495,2026-04-23 03:58:19,DELIVERED,OC
O00503,C0098,2025-08-29 08:59:14,DELIVERED,OC
O00504,C0391,2025-08-16 00:00:00,PLACED,AS
O00505,C0445,2025-08-25 17:33:57,DELIVERED,EU
O00506,C0012,2026-04-12 15:58:54,DELIVERED,NA
O00507,C0043,2026-01-02 22:10:06,DELIVERED,AS
O00508,C0227,2026-03-15 15:27:17,DELIVERED,SA
O00509,C0590,2025-11-30 08:20:57,SHIPPED,AS
O00510,C0152,2025-08-14 12:35:10,PLACED,AF
O00511,C0562,2026-01-31 19:48:10,PLACED,AF
O00512,C0134,2026-04-13 01:47:27,DELIVERED,EU
O00513,C0586,2025-12-08 13:25:31,DELIVERED,OC
O00514,C0249,2026-04-20 00:00:00,DELIVERED,AS
O00515,C0590,2026-05-15 00:00:00,DELIVERED,SA
O00516,C0196,2026-01-27 02:32:55,DELIVERED,NA
O00517,C0174,2026-03-07 02:24:04,DELIVERED,SA
O00518,C0452,2025-09-12 00:00:00,DELIVERED,EU
O00519,C0160,2025-12-06 11:00:44,DELIVERED,NA
O00520,C0249,2026-02-11 03:04:01,CANCELLED,AS
O00521,UNKNOWN,2025-12-07 04:59:10,SHIPPED,SA
O00522,C0340,2025-07-29 10:42:21,DELIVERED,EU
O00523,C0265,2026-05-06 18:10:36,DELIVERED,EU
O00524,C0019,2025-09-16 18:14:06,CANCELLED,AF
O00525,UNKNOWN,2026-07-01 16:17:01,SHIPPED,OC
O00526,C0055,2025-11-19 13:41:53,CANCELLED,NA
O00527,C0278,2026-02-17 00:14:06,CANCELLED,AS
O00528,C0020,2026-06-15 18:37:35,DELIVERED,SA
O00529,C0390,2026-03-25 12:44:23,DELIVERED,AS
O00530,C0545,2026-06-12 00:00:00,SHIPPED,SA
O00531,C0023,2025-09-08 00:00:00,CANCELLED,AS
O00532,C0403,2025-09-13 08:34:39,PLACED,OC
O00533,C0310,2026-06-14 19:26:50,RETURNED,AF
O00534,C0064,2025-09-06 13:18:36,DELIVERED,NA
O00535,C0287,2025-09-19 20:37:50,DELIVERED,SA
O00536,C0090,2026-05-07 02:31:57,DELIVERED,OC
O00537,C0233,2026-04-14 22:14:07,DELIVERED,SA
O00538,C0338,2025-08-01 07:43:12,SHIPPED,OC
O00539,C0555,2025-12-22 08:15:23,SHIPPED,EU
O00540,C0537,2025-11-09 00:49:10,DELIVERED,EU
O00541,C0579,2025-11-09 14:23:28,DELIVERED,AF
O00542,C0122,2026-04-21 23:04:20,DELIVERED,EU
O00543,C0327,2026-05-06 21:37:35,DELIVERED,SA
O00544,C0281,2026-01-01 16:53:59,SHIPPED,EU
O00545,C0274,2025-11-01 13:06:04,DELIVERED,AF
O00546,C0027,2026-03-12 16:26:07,DELIVERED,SA
O00547,C0481,2025-09-20 13:40:50,DELIVERED,SA
O00548,C0141,2025-08-27 01:09:14,SHIPPED,SA
O00549,C0016,2026-06-26 08:29:21,RETURNED,EU
O00550,C0208,2025-09-01 11:48:09,PLACED,SA
O00551,C0502,2025-09-29 04:11:11,DELIVERED,EU
O00552,C0043,2025-07-13 18:24:02,DELIVERED,OC
O00553,C0586,2026-03-11 04:09:16,DELIVERED,OC
O00554,C0534,2026-05-05 15:28:39,DELIVERED,NA
O00555,C0252,2025-10-18 16:38:13,DELIVERED,OC
O00556,UNKNOWN,2025-07-17 03:15:22,DELIVERED,NA
O00557,C0451,2026-01-06 12:19:51,DELIVERED,AS
O00558,C0433,2026-01-21 15:41:49,CANCELLED,OC
O00559,C0146,2026-06-09 14:28:50,DELIVERED,NA
O00560,C0116,2026-01-22 01:09:15,DELIVERED,OC
O00561,C0403,2026-02-08 11:16:10,DELIVERED,EU
O00562,C0207,2026-05-21 23:29:37,PLACED,AS
O00563,C0168,2025-07-14 15:04:14,SHIPPED,NA
O00564,C0372,2026-03-05 00:00:00,DELIVERED,OC
O00565,C0524,2026-06-20 04:51:33,SHIPPED,AF
O00566,C0175,2026-01-20 00:54:56,DELIVERED,OC
O00567,C0167,2025-10-12 18:39:31,SHIPPED,OC
O00568,C0316,2025-10-04 14:52:56,DELIVERED,SA
O00569,C0186,2026-02-26 02:03:58,SHIPPED,EU
O00570,UNKNOWN,2026-03-25 12:11:00,PLACED,SA
O00571,C0557,2026-01-13 03:25:43,DELIVERED,SA
O00572,C0488,2026-01-04 14:37:15,DELIVERED,AF
O00573,C0251,2025-12-18 16:21:34,SHIPPED,OC
O00574,C0213,2025-12-31 00:00:00,SHIPPED,OC
O00575,C0149,2025-08-12 05:34:44,DELIVERED,AF
O00576,C0090,2026-03-02 00:00:00,DELIVERED,EU
O00577,C0292,2026-03-02 10:49:43,DELIVERED,AF
O00578,C0576,2025-07-14 22:44:12,DELIVERED,AF
O00579,C0037,2025-10-15 00:00:00,SHIPPED,AS
O00580,C0070,2026-06-19 23:52:19,DELIVERED,NA
O00581,C0138,2026-02-09 23:03:54,DELIVERED,AS
O00582,C0538,2025-10-28 09:40:19,SHIPPED,NA
O00583,C0542,2026-03-10 02:06:35,DELIVERED,OC
O00584,C0295,2026-03-13 12:46:42,DELIVERED,AS
O00585,C0363,2026-02-13 22:12:06,DELIVERED,SA
O00586,C0510,2026-05-26 21:33:25,SHIPPED,AF
O00587,C0298,2026-05-28 21:22:57,PLACED,NA
O00588,C0121,2025-10-01 00:47:39,SHIPPED,AF
O00589,C0424,2025-07-31 00:00:00,DELIVERED,OC
O00590,C0207,2025-09-22 04:18:18,SHIPPED,NA
O00591,C0519,2025-09-07 23:19:09,DELIVERED,NA
O00592,C0350,2025-08-02 18:42:17,DELIVERED,NA
O00593,C0199,2026-03-23 02:27:12,DELIVERED,OC
O00594,C0486,2025-11-24 22:34:20,DELIVERED,SA
O00595,C0472,2025-07-26 15:44:12,DELIVERED,AS
O00596,C0424,2025-09-06 20:27:33,PLACED,AF
O00597,C0324,2026-06-08 23:44:14,PLACED,AF
O00598,C0363,2025-07-24 00:00:00,SHIPPED,NA
O00599,C0385,2026-03-28 10:19:48,DELIVERED,AF
O00600,C0192,2026-02-21 21:41:10,DELIVERED,AS
O00601,C0323,2026-06-02 20:19:56,SHIPPED,NA
O00602,C0244,2026-03-03 16:29:59,DELIVERED,AS
O00603,C0310,2025-11-05 07:08:54,DELIVERED,NA
O00604,C0095,2025-11-17 23:39:02,PLACED,SA
O00605,C0158,2026-07-04 20:04:43,CANCELLED,OC
O00606,C0318,2025-08-15 10:55:11,SHIPPED,NA
O00607,C0529,2025-07-31 10:28:37,SHIPPED,OC
O00608,UNKNOWN,2025-08-23 16:22:41,DELIVERED,NA
O00609,UNKNOWN,2025-12-21 07:47:30,DELIVERED,AF
O00610,C0342,2025-09-19 14:52:01,PLACED,AF
O00611,C0320,2025-09-13 00:00:00,DELIVERED,OC
O00612,C0329,2026-03-30 09:48:32,SHIPPED,AF
O00613,C0452,2025-10-30 20:05:25,SHIPPED,EU
O00614,C0016,2026-03-06 17:14:27,DELIVERED,NA
O00615,C0359,2026-03-26 01:44:07,SHIPPED,OC
O00616,C0588,2026-04-06 22:50:44,PLACED,AF
O00617,C0554,2026-04-10 04:31:00,SHIPPED,SA
O00618,C0052,2026-02-28 10:59:04,PLACED,SA
O00619,C0457,2026-02-19 15:31:55,DELIVERED,EU
O00620,C0547,2026-05-14 00:00:00,CANCELLED,SA
O00621,C0096,2026-02-15 17:20:34,CANCELLED,SA
O00622,C0318,2025-09-19 07:08:20,DELIVERED,SA
O00623,C0230,2026-01-05 05:31:40,DELIVERED,AS
O00624,C0402,2026-04-29 09:46:41,CANCELLED,AS
O00625,C0333,2026-02-22 05:49:43,PLACED,SA
O00626,C0491,2025-11-29 06:40:23,SHIPPED,AS
O00627,C0131,2026-07-09 03:29:34,DELIVERED,OC
O00628,C0334,2025-07-26 07:31:30,PLACED,AS
O00629,C0411,2025-08-17 13:28:17,SHIPPED,EU
O00630,C0494,2026-05-06 20:31:21,DELIVERED,OC
O00631,C0446,2025-11-05 15:05:54,DELIVERED,OC
O00632,C0080,2025-11-14 18:23:21,DELIVERED,SA
O00633,C0475,2025-12-02 12:47:15,PLACED,SA
O00634,C0416,2026-06-25 00:00:00,SHIPPED,AF
O00635,C0389,2025-12-06 13:26:32,DELIVERED,NA
O00636,C0143,2026-05-26 22:53:35,CANCELLED,OC
O00637,C0151,2025-08-07 16:10:14,DELIVERED,AS
O00638,C0592,2026-05-02 22:39:48,SHIPPED,AS
O00639,C0312,2025-12-25 08:25:06,CANCELLED,OC
O00640,C0353,2026-06-04 21:41:13,DELIVERED,AF
O00641,C0414,2026-02-11 04:14:02,DELIVERED,NA
O00642,C0563,2025-08-06 14:37:28,PLACED,AF
O00643,C0368,2025-11-03 02:52:13,SHIPPED,NA
O00644,C0404,2026-01-11 05:48:09,DELIVERED,SA
O00645,C0559,2025-09-02 15:31:45,SHIPPED,EU
O00646,C0394,2025-08-28 18:48:38,DELIVERED,SA
O00647,C0129,2026-04-08 03:47:38,PLACED,NA
O00648,C0499,2026-06-11 03:44:03,RETURNED,EU
O00649,C0426,2025-10-26 23:14:16,DELIVERED,OC
O00650,C0436,2025-11-17 05:55:03,DELIVERED,SA
O00651,C0461,2026-02-02 01:57:33,SHIPPED,SA
O00652,C0592,2025-12-20 01:58:29,DELIVERED,OC
O00653,C0421,2026-02-01 03:31:43,DELIVERED,NA
O00654,C0582,2025-10-01 21:22:20,DELIVERED,AF
O00655,C0082,2026-04-08 15:04:21,DELIVERED,AS
O00656,C0081,2025-10-01 13:58:04,DELIVERED,EU
O00657,C0080,2026-03-07 02:13:33,DELIVERED,AF
O00658,C0055,2025-08-03 23:47:28,DELIVERED,NA
O00659,C0525,2025-08-23 20:14:32,DELIVERED,AS
O00660,C0302,2026-02-19 06:59:55,PLACED,AF
O00661,C0578,2026-04-21 19:02:03,DELIVERED,AF
O00662,C0053,2026-03-13 15:58:37,SHIPPED,OC
O00663,C0294,2026-02-02 19:36:41,SHIPPED,NA
O00664,C0285,2025-08-15 10:36:46,DELIVERED,AS
O00665,C0015,2026-01-16 05:32:14,DELIVERED,AF
O00666,C0458,2026-04-19 14:19:54,SHIPPED,OC
O00667,C0186,2026-04-05 20:11:41,DELIVERED,AS
O00668,C0149,2026-03-04 06:24:40,DELIVERED,SA
O00669,C0423,2026-07-10 01:58:22,SHIPPED,SA
O00670,C0172,2026-05-14 11:53:12,DELIVERED,AS
O00671,C0271,2026-04-12 21:22:39,SHIPPED,EU
O00672,C0488,2025-10-31 22:15:04,DELIVERED,AF
O00673,C0400,2025-12-25 05:53:59,SHIPPED,SA
O00674,UNKNOWN,2026-03-05 20:18:52,DELIVERED,OC
O00675,C0543,2026-06-06 15:31:17,PLACED,AF
O00676,C0443,2025-11-12 07:21:31,DELIVERED,AS
O00677,C0274,2025-10-21 05:40:43,SHIPPED,AF
O00678,C0248,2026-02-01 10:28:22,DELIVERED,EU
O00679,C0185,2026-02-20 18:11:24,PLACED,NA
O00680,C0013,2026-03-11 10:31:41,DELIVERED,OC
O00681,C0225,2025-11-26 19:37:25,SHIPPED,NA
O00682,UNKNOWN,2026-07-07 00:00:00,CANCELLED,OC
O00683,C0223,2025-08-31 18:29:08,DELIVERED,OC
O00684,C0089,2026-03-07 23:04:09,SHIPPED,OC
O00685,C0580,2026-02-15 21:36:13,SHIPPED,NA
O00686,C0260,2026-01-21 04:13:34,DELIVERED,NA
O00687,C0284,2026-01-30 05:28:50,DELIVERED,OC
O00688,C0332,2026-04-21 13:57:57,DELIVERED,AS
O00689,C0392,2026-03-14 18:48:41,RETURNED,AS
O00690,C0272,2026-01-21 16:45:18,PLACED,EU
O00691,C0183,2026-01-19 15:56:45,SHIPPED,AF
O00692,C0224,2026-05-22 04:23:40,SHIPPED,SA
O00693,C0106,2025-09-20 00:00:00,PLACED,OC
O00694,C0457,2026-06-20 00:00:00,DELIVERED,OC
O00695,C0039,2026-03-06 01:32:42,SHIPPED,OC
O00696,C0401,2025-10-10 18:35:40,DELIVERED,SA
O00697,C0414,2026-04-13 13:58:54,DELIVERED,NA
O00698,C0004,2025-11-02 05:00:59,DELIVERED,SA
O00699,C0549,2025-09-25 13:32:20,DELIVERED,OC
O00700,C0057,2025-07-13 00:12:24,RETURNED,NA
O00701,C0349,2025-08-27 00:00:00,DELIVERED,AS
O00702,C0181,2025-07-21 17:02:41,RETURNED,OC
O00703,C0400,2026-01-08 22:31:11,DELIVERED,AS
O00704,C0449,2026-03-12 07:11:17,SHIPPED,EU
O00705,UNKNOWN,2026-05-17 19:33:26,SHIPPED,SA
O00706,C0554,2025-08-27 04:37:08,DELIVERED,SA
O00707,C0017,2026-04-24 00:00:00,PLACED,OC
O00708,UNKNOWN,2026-06-06 18:03:18,DELIVERED,OC
O00709,C0550,2025-09-30 21:56:06,DELIVERED,NA
O00710,UNKNOWN,2026-05-18 21:57:05,DELIVERED,SA
O00711,C0047,2026-03-08 08:33:28,DELIVERED,NA
O00712,C0052,2025-12-20 10:07:22,DELIVERED,NA
O00713,C0175,2025-12-20 04:36:53,PLACED,NA
O00714,C0226,2025-07-30 00:00:00,SHIPPED,AS
O00715,C0412,2025-11-19 00:38:27,RETURNED,AF
O00716,C0330,2025-11-25 04:26:46,DELIVERED,NA
O00717,C0344,2026-02-15 00:00:00,SHIPPED,SA
O00718,C0379,2026-05-21 10:20:30,DELIVERED,AF
O00719,UNKNOWN,2026-03-16 00:00:00,DELIVERED,AF
O00720,C0162,2025-10-02 00:00:00,DELIVERED,NA
O00721,UNKNOWN,2025-07-16 18:46:11,DELIVERED,AF
O00722,C0427,2026-03-18 04:28:01,DELIVERED,SA
O00723,C0212,2025-09-28 12:40:18,SHIPPED,SA
O00724,C0179,2026-04-06 08:53:48,PLACED,EU
O00725,C0091,2025-10-29 18:25:22,DELIVERED,AS
O00726,C0572,2025-10-19 04:48:53,SHIPPED,AF
O00727,C0371,2026-05-15 06:37:39,RETURNED,AF
O00728,C0214,2025-08-07 17:44:58,SHIPPED,EU
O00729,C0486,2025-11-08 22:07:11,SHIPPED,NA
O00730,C0373,2025-11-06 00:19:16,DELIVERED,AS
O00731,C0465,2026-01-25 00:00:00,DELIVERED,AF
O00732,C0030,2026-02-10 23:47:00,SHIPPED,EU
O00733,C0594,2025-11-15 04:39:38,SHIPPED,OC
O00734,C0236,2026-05-06 06:44:01,DELIVERED,NA
O00735,C0423,2025-07-14 18:37:09,DELIVERED,EU
O00736,C0600,2025-08-25 14:30:25,DELIVERED,EU
O00737,C0466,2026-04-04 17:55:28,DELIVERED,SA
O00738,C0368,2025-11-18 19:53:36,SHIPPED,EU
O00739,UNKNOWN,2025-11-21 23:11:32,SHIPPED,NA
O00740,C0470,2025-12-13 04:55:08,DELIVERED,EU
O00741,C0161,2026-04-19 17:20:15,DELIVERED,AF
O00742,C0592,2026-02-18 08:12:17,DELIVERED,NA
O00743,C0535,2026-03-08 14:56:44,RETURNED,AF
O00744,C0474,2025-07-23 16:51:55,DELIVERED,OC
O00745,C0254,2026-05-31 12:40:20,DELIVERED,AF
O00746,C0588,2025-09-18 14:27:12,DELIVERED,NA
O00747,UNKNOWN,2025-09-25 17:49:40,DELIVERED,NA
O00748,C0404,2025-11-17 18:05:35,DELIVERED,NA
O00749,C0247,2026-06-01 00:00:00,DELIVERED,OC
O00750,C0224,2025-11-20 15:16:17,SHIPPED,OC
O00751,C0017,2026-07-05 13:44:31,DELIVERED,OC
O00752,C0585,2026-03-30 13:22:26,PLACED,SA
O00753,C0142,2026-01-14 11:05:03,DELIVERED,AS
O00754,C0002,2026-07-03 04:43:48,PLACED,OC
O00755,C0034,2026-01-12 16:08:11,DELIVERED,OC
O00756,C0556,2026-05-18 00:25:16,SHIPPED,OC
O00757,C0344,2025-07-26 04:53:54,PLACED,OC
O00758,C0053,2026-03-20 03:23:11,DELIVERED,AF
O00759,UNKNOWN,2025-09-03 02:47:22,DELIVERED,OC
O00760,C0210,2026-01-15 09:20:06,DELIVERED,AF
O00761,C0490,2025-09-10 17:46:36,DELIVERED,OC
O00762,C0231,2026-03-12 23:24:14,DELIVERED,AF
O00763,C0284,2026-01-07 00:00:00,DELIVERED,SA
O00764,C0540,2026-06-23 20:03:28,DELIVERED,AF
O00765,C0546,2026-06-13 09:56:49,DELIVERED,AS
O00766,C0068,2026-02-05 22:22:18,DELIVERED,NA
O00767,C0184,2026-06-25 08:07:53,RETURNED,NA
O00768,C0115,2025-11-19 12:55:12,DELIVERED,EU
O00769,C0024,2026-01-08 00:00:18,RETURNED,AF
O00770,C0486,2026-05-12 20:46:44,DELIVERED,OC
O00771,UNKNOWN,2026-05-24 14:03:16,PLACED,EU
O00772,C0533,2025-12-20 03:47:37,DELIVERED,AS
O00773,C0335,2026-07-07 17:06:03,DELIVERED,AF
O00774,C0456,2026-04-26 18:51:44,DELIVERED,AS
O00775,C0267,2025-08-03 03:38:13,DELIVERED,AS
O00776,C0049,2026-06-01 17:13:16,SHIPPED,EU
O00777,C0165,2026-01-30 18:13:34,SHIPPED,EU
O00778,C0158,2025-11-05 15:33:27,SHIPPED,AS
O00779,C0452,2026-02-16 19:07:07,SHIPPED,AF
O00780,C0325,2026-04-19 22:37:38,SHIPPED,SA
O00781,C0167,2026-04-01 18:43:54,SHIPPED,NA
O00782,C0512,2025-11-11 22:10:16,CANCELLED,AS
O00783,C0560,2026-02-13 00:05:53,DELIVERED,OC
O00784,C0297,2026-02-05 12:17:10,DELIVERED,AF
O00785,C0579,2025-07-19 15:56:24,CANCELLED,AS
O00786,C0491,2025-10-01 06:37:06,SHIPPED,AF
O00787,C0026,2026-02-21 15:12:27,DELIVERED,SA
O00788,C0335,2026-04-04 00:00:00,DELIVERED,AF
O00789,C0285,2025-11-18 05:19:10,PLACED,SA
O00790,C0090,2026-05-18 21:40:51,DELIVERED,SA
O00791,C0524,2026-07-03 04:56:53,CANCELLED,AS
O00792,C0438,2026-06-22 06:30:22,DELIVERED,AS
O00793,C0316,2026-05-17 10:42:17,DELIVERED,NA
O00794,C0455,2025-11-26 17:13:15,DELIVERED,SA
O00795,C0435,2025-08-07 02:37:18,DELIVERED,AF
O00796,C0148,2025-09-08 09:05:39,DELIVERED,AF
O00797,C0068,2025-10-29 07:32:54,DELIVERED,SA
O00798,C0420,2026-06-03 21:43:42,SHIPPED,EU
O00799,C0582,2025-07-24 12:01:35,SHIPPED,EU
O00800,C0297,2025-11-21 02:36:04,PLACED,AS
O00801,C0312,2025-12-05 02:58:09,DELIVERED,EU
O00802,UNKNOWN,2026-03-12 00:00:00,SHIPPED,OC
O00803,C0484,2026-02-04 21:15:30,DELIVERED,AS
O00804,C0504,2026-06-04 13:15:45,DELIVERED,NA
O00805,C0284,2025-09-14 20:25:09,RETURNED,AF
O00806,C0596,2026-02-19 03:24:22,DELIVERED,AS
O00807,C0488,2026-03-04 14:54:11,DELIVERED,AS
O00808,C0590,2025-12-10 00:00:00,SHIPPED,AF
O00809,C0328,2025-09-23 03:58:10,DELIVERED,AS
O00810,C0280,2026-02-28 13:03:43,DELIVERED,AS
O00811,UNKNOWN,2025-08-26 18:32:33,DELIVERED,NA
O00812,C0188,2026-06-13 04:04:08,DELIVERED,EU
O00813,C0324,2026-05-12 05:26:44,DELIVERED,AS
O00814,C0372,2026-04-30 00:00:00,DELIVERED,EU
O00815,UNKNOWN,2025-11-09 02:51:45,DELIVERED,SA
O00816,C0167,2026-04-12 07:01:44,SHIPPED,EU
O00817,C0573,2026-06-10 12:55:43,DELIVERED,AF
O00818,C0565,2025-11-11 12:49:06,DELIVERED,SA
O00819,C0079,2026-04-14 01:39:36,SHIPPED,NA
O00820,C0320,2025-07-24 16:16:04,SHIPPED,SA
O00821,C0536,2025-10-25 20:00:39,DELIVERED,OC
O00822,C0122,2025-12-20 03:00:56,DELIVERED,EU
O00823,C0315,2025-08-15 02:29:08,SHIPPED,NA
O00824,C0115,2026-01-21 00:00:00,DELIVERED,SA
O00825,UNKNOWN,2026-06-18 00:09:30,DELIVERED,AF
O00826,C0481,2025-10-12 16:27:28,SHIPPED,NA
O00827,C0011,2025-12-03 16:52:53,DELIVERED,AF
O00828,C0205,2026-01-03 21:32:38,DELIVERED,NA
O00829,C0285,2026-05-30 12:34:32,DELIVERED,EU
O00830,C0248,2025-11-06 22:10:32,PLACED,AF
O00831,C0542,2025-10-04 08:02:28,SHIPPED,AS
O00832,C0551,2026-02-01 00:00:00,DELIVERED,EU
O00833,C0487,2025-11-06 19:16:56,DELIVERED,SA
O00834,C0110,2025-09-18 08:42:31,DELIVERED,SA
O00835,C0527,2025-08-24 23:32:34,SHIPPED,AS
O00836,C0113,2025-12-04 17:24:52,DELIVERED,AS
O00837,C0571,2026-05-13 05:40:47,PLACED,SA
O00838,C0291,2025-07-26 22:01:07,DELIVERED,OC
O00839,C0455,2026-05-10 11:00:12,DELIVERED,SA
O00840,C0072,2025-09-28 21:09:55,DELIVERED,OC
O00841,C0014,2026-07-02 02:32:47,DELIVERED,NA
O00842,C0536,2025-08-17 08:36:16,PLACED,EU
O00843,C0105,2025-12-31 17:44:45,DELIVERED,EU
O00844,C0204,2026-01-24 21:41:02,DELIVERED,SA
O00845,C0435,2025-07-22 01:52:50,SHIPPED,OC
O00846,C0280,2026-05-18 16:55:37,DELIVERED,SA
O00847,C0415,2026-01-15 20:13:07,DELIVERED,EU
O00848,C0111,2026-06-28 20:16:15,DELIVERED,EU
O00849,C0138,2026-01-22 00:00:00,DELIVERED,NA
O00850,C0028,2025-09-10 05:34:50,DELIVERED,OC
O00851,C0311,2025-09-24 06:22:22,PLACED,NA
O00852,C0533,2025-11-21 11:34:53,DELIVERED,EU
O00853,C0510,2026-07-06 02:23:25,SHIPPED,AS
O00854,C0554,2026-01-16 03:45:24,RETURNED,NA
O00855,C0122,2026-04-22 20:19:01,DELIVERED,SA
O00856,C0037,2026-06-16 00:00:00,DELIVERED,AS
O00857,C0169,2026-01-31 18:02:16,SHIPPED,OC
O00858,C0113,2025-11-09 22:13:28,DELIVERED,AF
O00859,C0586,2026-05-09 13:57:54,DELIVERED,EU
O00860,C0401,2025-11-16 12:28:57,DELIVERED,SA
O00861,C0362,2025-09-06 01:04:41,SHIPPED,NA
O00862,UNKNOWN,2026-05-07 00:00:00,DELIVERED,AS
O00863,C0598,2026-06-15 00:00:00,DELIVERED,AS
O00864,C0439,2025-08-19 13:14:33,DELIVERED,AS
O00865,C0251,2026-05-27 16:21:28,DELIVERED,AF
O00866,C0068,2026-07-11 16:29:15,SHIPPED,EU
O00867,UNKNOWN,2026-01-28 20:18:24,DELIVERED,SA
O00868,C0432,2026-04-01 04:56:02,DELIVERED,AF
O00869,UNKNOWN,2025-09-01 22:29:06,DELIVERED,AS
O00870,C0501,2025-09-30 01:57:14,DELIVERED,AS
O00871,C0348,2026-04-19 18:57:34,SHIPPED,SA
O00872,C0078,2025-07-26 14:09:57,DELIVERED,AS
O00873,C0305,2026-01-06 19:05:44,DELIVERED,EU
O00874,C0095,2025-12-09 22:03:20,DELIVERED,AF
O00875,C0069,2026-04-15 13:25:37,DELIVERED,SA
O00876,C0079,2026-06-13 06:05:13,DELIVERED,AS
O00877,C0553,2026-01-31 06:04:43,DELIVERED,AS
O00878,C0465,2025-08-26 09:08:28,DELIVERED,NA
O00879,C0529,2025-07-13 23:46:42,DELIVERED,EU
O00880,C0479,2025-11-10 04:01:39,DELIVERED,AF
O00881,C0445,2026-07-09 11:29:08,DELIVERED,NA
O00882,C0374,2025-07-29 11:51:38,SHIPPED,OC
O00883,C0308,2026-04-05 05:15:48,DELIVERED,NA
O00884,C0423,2026-06-06 18:33:37,SHIPPED,EU
O00885,C0242,2026-02-28 04:38:00,SHIPPED,EU
O00886,UNKNOWN,2026-06-15 23:56:11,DELIVERED,SA
O00887,C0447,2025-08-15 05:04:40,CANCELLED,EU
O00888,C0140,2025-11-18 00:00:00,DELIVERED,AS
O00889,C0181,2026-01-09 17:04:13,PLACED,OC
O00890,C0021,2026-06-22 00:00:00,DELIVERED,AS
O00891,C0066,2025-07-30 07:31:31,DELIVERED,AS
O00892,C0093,2025-08-21 10:27:34,DELIVERED,EU
O00893,C0585,2026-01-30 13:36:27,CANCELLED,AF
O00894,C0595,2026-05-05 22:47:18,CANCELLED,AS
O00895,C0093,2026-03-25 07:39:01,SHIPPED,AS
O00896,C0599,2026-04-27 22:32:43,DELIVERED,OC
O00897,C0434,2025-11-10 18:00:13,SHIPPED,EU
O00898,C0451,2025-07-21 03:00:10,DELIVERED,NA
O00899,C0384,2026-02-21 16:43:10,SHIPPED,AF
O00900,C0253,2026-05-02 23:08:47,DELIVERED,EU
O00901,C0377,2025-11-10 14:51:15,PLACED,AF
O00902,UNKNOWN,2026-03-17 11:59:35,DELIVERED,NA
O00903,C0246,2026-06-23 20:46:40,DELIVERED,OC
O00904,C0372,2025-10-01 21:22:30,DELIVERED,AF
O00905,C0454,2025-11-14 00:17:36,CANCELLED,SA
O00906,C0262,2025-09-28 06:47:04,CANCELLED,EU
O00907,C0165,2025-09-25 04:07:37,DELIVERED,OC
O00908,C0035,2025-10-31 16:28:23,PLACED,SA
O00909,C0423,2025-10-27 20:01:56,DELIVERED,SA
O00910,C0103,2026-02-04 02:38:30,DELIVERED,AF
O00911,C0431,2025-11-13 08:09:47,DELIVERED,OC
O00912,C0029,2026-05-08 12:22:10,DELIVERED,EU
O00913,C0140,2025-12-30 00:00:00,SHIPPED,AS
O00914,C0085,2026-03-30 00:48:04,SHIPPED,OC
O00915,C0134,2025-08-27 02:03:25,DELIVERED,AS
O00916,C0137,2025-10-26 06:47:35,DELIVERED,AS
O00917,C0204,2025-09-08 00:00:00,DELIVERED,SA
O00918,C0585,2025-09-11 13:26:27,CANCELLED,AF
O00919,C0235,2025-10-26 15:57:08,RETURNED,EU
O00920,C0173,2025-08-25 00:00:00,DELIVERED,AF
O00921,C0092,2025-07-18 07:40:28,SHIPPED,AF
O00922,C0539,2026-03-11 07:44:22,CANCELLED,SA
O00923,C0507,2026-02-14 17:33:42,DELIVERED,EU
O00924,C0273,2026-01-28 00:51:51,DELIVERED,EU
O00925,C0212,2025-08-21 03:40:42,RETURNED,AS
O00926,C0194,2025-09-30 14:54:44,DELIVERED,EU
O00927,UNKNOWN,2026-02-08 02:12:20,SHIPPED,SA
O00928,C0379,2025-11-25 10:40:24,DELIVERED,NA
O00929,UNKNOWN,2026-02-10 17:55:50,DELIVERED,OC
O00930,C0218,2025-11-13 01:57:58,DELIVERED,OC
O00931,C0075,2025-10-25 00:00:00,PLACED,AS
O00932,C0483,2025-09-05 08:52:36,RETURNED,OC
O00933,C0047,2026-04-11 00:00:00,DELIVERED,SA
O00934,C0405,2026-05-20 15:19:16,SHIPPED,AF
O00935,UNKNOWN,2025-10-30 09:43:04,SHIPPED,SA
O00936,C0480,2026-02-20 08:18:45,DELIVERED,AF
O00937,C0267,2025-10-15 11:24:24,PLACED,EU
O00938,C0288,2025-09-16 21:52:12,CANCELLED,AS
O00939,C0270,2025-08-09 01:30:12,DELIVERED,AS
O00940,C0447,2025-11-10 07:43:15,DELIVERED,SA
O00941,C0155,2026-03-07 13:29:45,CANCELLED,OC
O00942,C0055,2026-06-23 21:46:48,PLACED,EU
O00943,UNKNOWN,2025-11-20 22:44:49,DELIVERED,SA
O00944,C0507,2026-02-07 00:00:00,DELIVERED,OC
O00945,C0469,2025-12-31 16:34:02,DELIVERED,EU
O00946,C0096,2025-08-01 02:16:26,SHIPPED,EU
O00947,C0280,2025-08-31 21:50:57,DELIVERED,EU
O00948,C0005,2025-07-23 15:42:11,DELIVERED,SA
O00949,C0253,2026-01-11 05:02:42,DELIVERED,AS
O00950,UNKNOWN,2026-06-28 04:46:01,DELIVERED,SA
O00951,C0109,2026-03-31 17:33:00,SHIPPED,NA
O00952,C0492,2025-07-31 23:45:20,RETURNED,AF
O00953,C0338,2025-08-22 12:46:55,DELIVERED,SA
O00954,C0583,2025-12-08 08:52:46,DELIVERED,OC
O00955,C0057,2025-08-02 06:55:22,DELIVERED,AF
O00956,C0409,2025-08-14 20:09:51,SHIPPED,SA
O00957,C0214,2025-12-25 00:25:13,DELIVERED,AS
O00958,C0158,2025-12-11 14:24:02,DELIVERED,SA
O00959,C0318,2025-09-19 21:42:50,DELIVERED,AS
O00960,C0377,2026-04-12 01:32:34,DELIVERED,SA
O00961,C0577,2026-02-28 21:43:31,PLACED,SA
O00962,C0191,2026-06-23 12:45:54,DELIVERED,NA
O00963,C0475,2026-02-27 14:21:36,DELIVERED,OC
O00964,C0508,2026-03-13 20:33:49,DELIVERED,NA
O00965,C0448,2026-06-02 00:00:00,DELIVERED,AS
O00966,C0131,2026-04-06 09:54:06,DELIVERED,EU
O00967,C0303,2026-04-10 00:01:50,DELIVERED,NA
O00968,C0523,2026-01-01 12:58:00,PLACED,OC
O00969,C0260,2026-03-08 17:56:49,DELIVERED,AF
O00970,UNKNOWN,2025-11-27 12:07:49,DELIVERED,EU
O00971,C0047,2025-11-10 00:00:00,DELIVERED,AS
O00972,C0466,2025-11-18 11:01:52,DELIVERED,AS
O00973,C0192,2026-05-25 20:34:59,PLACED,AF
O00974,C0109,2025-09-27 08:20:12,PLACED,SA
O00975,C0176,2026-04-15 06:10:08,DELIVERED,SA
O00976,C0499,2026-05-02 22:17:44,DELIVERED,AF
O00977,C0405,2026-03-29 22:26:08,PLACED,EU
O00978,UNKNOWN,2026-05-22 16:41:33,PLACED,EU
O00979,C0215,2026-02-04 13:54:41,SHIPPED,EU
O00980,C0552,2025-08-11 21:34:11,DELIVERED,SA
O00981,C0433,2026-07-05 00:00:00,SHIPPED,EU
O00982,C0456,2026-05-01 21:30:22,DELIVERED,SA
O00983,C0207,2026-05-05 06:27:34,DELIVERED,SA
O00984,C0009,2026-01-09 06:04:01,DELIVERED,SA
O00985,C0508,2026-02-17 21:39:05,DELIVERED,AF
O00986,C0038,2025-09-01 13:53:33,DELIVERED,AF
O00987,C0500,2025-08-17 11:30:47,PLACED,NA
O00988,C0324,2026-05-24 01:47:32,SHIPPED,OC
O00989,C0485,2026-05-19 23:55:13,DELIVERED,OC
O00990,C0447,2026-07-04 00:00:00,SHIPPED,EU
O00991,C0449,2026-04-09 16:53:24,SHIPPED,OC
O00992,C0480,2026-01-10 06:07:10,SHIPPED,OC
O00993,C0427,2025-08-19 04:01:42,DELIVERED,OC
O00994,C0484,2026-01-05 07:49:26,DELIVERED,AF
O00995,C0089,2025-11-09 22:31:54,SHIPPED,EU
O00996,C0504,2026-04-04 05:16:07,DELIVERED,SA
O00997,C0215,2026-03-19 15:53:18,RETURNED,AS
O00998,C0366,2026-04-14 05:09:49,SHIPPED,AF
O00999,UNKNOWN,2026-05-06 00:00:00,DELIVERED,AF
O01000,C0576,2026-01-09 03:16:55,SHIPPED,AS
