item_id,order_id,product_id,quantity,unit_price,discount_percent
I00001,O00804,P0091,5,123.76,0
I00002,O00874,P0177,5,159.91,15
I00003,O00052,P0113,1,207.38,20
I00004,O00626,P0157,1,736.23,0
I00005,O00520,P0027,1,909.93,0
I00006,O00161,P0187,4,590.38,5
I00007,O00751,P0026,3,774.71,0
I00008,O00126,P0052,4,199.01,0
I00009,O00252,P0122,5,511.97,0
I00010,O00382,P0184,3,973.74,0
I00011,O00156,P0193,4,520.76,0
I00012,O00822,P0110,4,287.84,20
I00013,O00529,P0175,1,693.61,20
I00014,O00011,P0184,1,632.12,0
I00015,O00412,P0198,1,610.64,0
I00016,O00677,P0165,5,535.74,15
I00017,O00731,P0170,3,623.49,15
I00018,O00718,P0142,3,725.22,0
I00019,O00847,P0072,5,565.35,15
I00020,O00414,P0115,5,143.07,10
I00021,O00668,P0114,4,1039.12,0
I00022,O00087,P0010,4,315.18,15
I00023,O00901,P0033,5,330.09,0
I00024,O00524,P0142,3,664.99,0
I00025,O00024,P0008,5,305.19,0
I00026,O00853,P0199,4,844.68,0
I00027,O00750,P0016,3,337.73,0
I00028,O00127,P0013,1,451.51,10
I00029,O00755,P0002,2,226.9,10
I00030,O00580,P0183,5,1088.95,0
I00031,O00359,P0077,5,102.82,15
I00032,O00387,P0134,1,57.19,10
I00033,O00198,P0200,1,386.84,5
I00034,O00849,P0106,1,264.68,0
I00035,O00488,P0055,3,743.24,5
I00036,O00603,P0144,4,1059.42,10
I00037,O00511,P0163,4,595.52,5
I00038,O00750,P0107,2,596.58,5
I00039,O00729,P0118,5,696.51,0
I00040,O00712,P0055,1,775.61,10
I00041,O00379,P0031,4,104.71,0
I00042,O00586,P0075,2,489.76,0
I00043,O00384,P0078,1,248.48,0
I00044,O00803,P0151,3,494.48,0
I00045,O00188,P0190,1,51.48,0
I00046,O00892,P0012,5,461.5,5
I00047,O00922,P0087,4,671.57,20
I00048,O00621,P0034,5,1008.2,20
I00049,O00461,P0171,3,75.99,10
I00050,O00681,P0160,2,1097.84,0
I00051,O00554,P0012,4,621.06,15
I00052,O00091,P0043,5,753.02,20
I00053,O00725,P0080,1,864.44,0
I00054,O00198,P0159,1,849.9,10
I00055,O00194,P0193,1,317.69,10
I00056,O00185,P0005,2,588.65,15
I00057,O00860,P0149,5,879.08,5
I00058,O00604,P0012,1,472.83,0
I00059,O00425,P0007,3,535.23,0
I00060,O00118,P0026,3,657.32,0
I00061,O00787,P0023,4,752.07,0
I00062,O00630,P0084,1,258.23,0
I00063,O00328,P0037,3,40.76,20
I00064,O00922,P0031,2,169.74,10
I00065,O00243,P0127,5,59.23,0
I00066,O00276,P0016,5,289.81,5
I00067,O00030,P0105,1,568.66,10
I00068,O00692,P0026,5,969.94,0
I00069,O00312,P0146,1,803.54,10
I00070,O00209,P0037,2,58.85,10
I00071,O00976,P0109,5,431.34,0
I00072,O00833,P0119,5,290.11,0
I00073,O00001,P0016,4,260.67,0
I00074,O00860,P0175,3,896.7,0
I00075,O00600,P0131,2,588.16,10
I00076,O00072,P0077,1,113.0,15
I00077,O00570,P0072,2,470.29,20
I00078,O00326,P0175,3,966.38,15
I00079,O00464,P0070,3,709.34,5
I00080,O00983,P0154,2,670.47,0
I00081,O00624,P0122,-1,746.56,5
I00082,O00570,P0179,4,241.36,20
I00083,O00898,P0167,5,224.64,20
I00084,O00836,P0172,1,633.48,20
I00085,O00386,P0154,2,752.79,20
I00086,O00714,P0003,3,991.94,5
I00087,O00010,P0057,3,520.22,15
I00088,O00367,P0050,5,711.53,20
I00089,O00736,P0057,4,613.24,0
I00090,O00288,P0127,5,51.26,0
I00091,O00841,P0164,3,720.01,5
I00092,O00175,P0142,5,631.4,10
I00093,O00579,P0045,2,568.57,0
I00094,O00266,P0146,5,750.23,0
I00095,O00197,P0174,-5,102.08,15
I00096,O00574,P0117,-4,817.35,15
I00097,O00054,P0083,4,122.52,15
I00098,O00531,P0120,5,988.25,15
I00099,O00230,P0013,4,479.05,0
I00100,O00006,P0101,1,844.1,20
I00101,O00026,P0189,4,808.13,0
I00102,O00202,P0043,1,751.02,0
I00103,O00029,P0123,1,444.32,15
I00104,O00958,P0086,2,17.74,0
I00105,O00982,P0088,3,618.04,0
I00106,O00967,P0019,5,434.91,0
I00107,O00641,P0115,1,175.44,0
I00108,O00387,P0081,1,809.63,0
I00109,O00942,P0114,5,947.83,0
I00110,O00105,P0174,1,80.86,5
I00111,O00412,P0025,4,609.14,10
I00112,O00807,P0169,4,256.92,20
I00113,O00439,P0159,3,711.42,15
I00114,O00802,P0007,3,619.63,0
I00115,O00106,P0004,1,179.1,20
I00116,O00199,P0147,5,426.65,5
I00117,O00493,P0186,2,620.33,20
I00118,O00046,P0016,5,296.08,15
I00119,O00773,P0092,5,679.4,0
I00120,O00481,P0080,3,712.69,0
I00121,O00531,P0151,2,267.52,10
I00122,O00839,P0144,4,747.69,0
I00123,O00656,P0052,3,130.82,5
I00124,O00712,P0178,5,322.12,20
I00125,O00593,P0145,5,157.46,0
I00126,O00167,P0027,1,719.75,0
I00127,O00655,P0058,4,988.63,0
I00128,O00493,P0189,3,743.47,5
I00129,O00211,P0103,1,826.8,0
I00130,O00367,P0008,2,244.39,0
I00131,O00647,P0150,3,455.8,0
I00132,O00204,P0051,2,1173.9,15
I00133,O00179,P0087,2,420.94,0
I00134,O00181,P0068,1,666.97,0
I00135,O00389,P0168,1,483.79,0
I00136,O00313,P0117,3,827.77,10
I00137,O00819,P0160,1,627.14,0
I00138,O00814,P0049,4,961.34,0
I00139,O00614,P0110,2,291.47,20
I00140,O00631,P0151,5,332.15,0
I00141,O00336,P0064,3,363.14,20
I00142,O00521,P0150,2,777.93,20
I00143,O00482,P0170,2,664.97,20
I00144,O00904,P0166,3,307.83,5
I00145,O00184,P0083,5,165.56,15
I00146,O00979,P0127,5,59.95,20
I00147,O00598,P0167,2,428.07,5
I00148,O00884,P0061,3,566.0,5
I00149,O00586,P0041,3,370.28,0
I00150,O00138,P0193,4,439.04,0
I00151,O00598,P0011,5,457.44,5
I00152,O00479,P0111,4,584.93,5
I00153,O00026,P0046,3,528.05,0
I00154,O00924,P0022,5,176.43,15
I00155,O00081,P0071,1,94.43,0
I00156,O00040,P0140,2,272.63,0
I00157,O00310,P0191,3,315.74,10
I00158,O00142,P0193,5,558.87,0
I00159,O00789,P0077,3,109.95,5
I00160,O00969,P0104,1,429.23,10
I00161,O00780,P0039,2,493.76,15
I00162,O00215,P0122,5,799.55,20
I00163,O00480,P0185,3,709.62,0
I00164,O00867,P0049,4,673.21,5
I00165,O00874,P0143,2,745.27,0
I00166,O00313,P0189,-3,542.62,5
I00167,O00436,P0176,5,141.31,10
I00168,O00024,P0146,2,489.01,0
I00169,O00582,P0162,5,696.27,5
I00170,O00391,P0053,1,916.99,0
I00171,O00487,P0028,4,815.57,0
I00172,O00096,P0044,5,358.62,20
I00173,O00706,P0155,2,279.63,5
I00174,O00291,P0053,5,624.75,0
I00175,O00378,P0133,-3,1016.86,5
I00176,O00401,P0041,2,458.92,5
I00177,O00761,P0018,2,128.99,0
I00178,O00318,P0111,4,510.29,10
I00179,O00962,P0080,5,904.63,5
I00180,O00283,P0052,-2,160.97,20
I00181,O00409,P0155,5,312.0,10
I00182,O00901,P0126,5,34.3,0
I00183,O00295,P0166,4,274.96,20
I00184,O00729,P0077,2,86.23,0
I00185,O00922,P0159,4,591.08,15
I00186,O00188,P0179,4,267.87,0
I00187,O00246,P0041,5,382.02,0
I00188,O00715,P0186,2,974.36,5
I00189,O00781,P0142,3,395.64,0
I00190,O00517,P0197,4,95.24,0
I00191,O00213,P0130,1,105.93,15
I00192,O00692,P0192,3,559.32,20
I00193,O00200,P0102,3,386.03,0
I00194,O00335,P0172,4,687.28,0
I00195,O00562,P0169,4,209.02,20
I00196,O00286,P0042,1,278.95,0
I00197,O00302,P0032,4,163.06,15
I00198,O00782,P0003,2,727.54,0
I00199,O00222,P0183,5,701.85,15
I00200,O00049,P0163,1,485.29,0
I00201,O00455,P0014,1,1066.82,20
I00202,O00207,P0064,2,227.09,0
I00203,O00432,P0008,3,351.11,15
I00204,O00686,P0017,1,479.82,20
I00205,O00681,P0043,1,649.06,0
I00206,O00836,P0084,2,327.3,10
I00207,O00405,P0110,2,162.63,0
I00208,O00178,P0004,3,110.47,0
I00209,O00470,P0057,3,510.29,0
I00210,O00045,P0018,4,150.01,10
I00211,O00512,P0027,5,555.17,0
I00212,O00615,P0084,4,338.56,20
I00213,O00711,P0035,3,380.77,15
I00214,O00494,P0018,5,224.81,5
I00215,O00392,P0131,2,504.74,15
I00216,O00014,P0060,-1,660.7,15
I00217,O00439,P0194,1,311.77,0
I00218,O00511,P0076,4,380.77,0
I00219,O00244,P0186,4,884.21,0
I00220,O00138,P0072,1,442.82,5
I00221,O00664,P0074,2,487.77,0
I00222,O00351,P0063,1,1084.18,15
I00223,O00255,P0176,2,176.95,5
I00224,O00534,P0083,1,101.09,5
I00225,O00072,P0050,2,855.38,0
I00226,O00094,P0045,2,394.95,0
I00227,O00437,P0186,2,874.86,0
I00228,O00435,P0046,3,406.85,5
I00229,O00991,P0163,4,370.55,0
I00230,O00408,P0097,4,203.49,10
I00231,O00753,P0111,4,444.74,5
I00232,O00438,P0022,3,186.56,0
I00233,O00567,P0187,4,485.86,5
I00234,O00291,P0097,4,150.45,0
I00235,O00733,P0121,2,515.89,20
I00236,O00513,P0187,4,465.15,5
I00237,O00963,P0102,3,486.22,0
I00238,O00657,P0151,1,522.7,0
I00239,O00395,P0145,4,242.13,20
I00240,O00936,P0193,5,496.98,15
I00241,O00706,P0095,4,419.46,15
I00242,O00253,P0063,3,920.82,15
I00243,O00029,P0179,2,195.64,5
I00244,O00967,P0175,2,774.66,15
I00245,O00862,P0042,-1,285.77,5
I00246,O00408,P0181,1,584.72,0
I00247,O00898,P0109,4,368.94,0
I00248,O00513,P0137,4,742.46,15
I00249,O00422,P0193,1,314.34,10
I00250,O00796,P0089,3,194.3,15
I00251,O00408,P0179,2,287.32,0
I00252,O00100,P0018,4,177.38,15
I00253,O00296,P0188,2,308.68,15
I00254,O00138,P0051,5,1214.86,5
I00255,O00581,P0055,1,777.2,20
I00256,O00778,P0050,4,626.74,10
I00257,O00112,P0163,3,372.65,0
I00258,O00284,P0017,5,323.0,5
I00259,O00689,P0195,1,73.43,0
I00260,O00682,P0150,1,480.76,10
I00261,O00811,P0002,5,250.73,20
I00262,O00273,P0125,3,399.1,0
I00263,O00380,P0175,3,883.7,0
I00264,O00682,P0103,1,1220.62,20
I00265,O00339,P0026,-4,1015.32,0
I00266,O00027,P0155,5,299.69,15
I00267,O00770,P0064,5,325.4,20
I00268,O00487,P0132,2,178.43,15
I00269,O00981,P0083,-3,183.87,20
I00270,O00754,P0084,2,323.52,5
I00271,O00757,P0157,3,569.44,5
I00272,O00675,P0180,4,114.02,0
I00273,O00730,P0037,5,58.95,15
I00274,O00517,P0009,1,66.41,15
I00275,O00562,P0120,4,1103.42,5
I00276,O00679,P0139,2,402.84,15
I00277,O00717,P0023,1,508.67,0
I00278,O00925,P0099,2,602.99,15
I00279,O00488,P0172,2,916.32,15
I00280,O00743,P0126,3,63.99,10
I00281,O00785,P0154,3,555.37,15
I00282,O00761,P0189,5,811.77,5
I00283,O00828,P0060,1,651.12,0
I00284,O00092,P0088,2,714.4,0
I00285,O00587,P0095,3,425.71,10
I00286,O00755,P0001,5,740.8,20
I00287,O00398,P0109,3,539.82,20
I00288,O00130,P0134,5,52.36,5
I00289,O00010,P0138,3,213.57,0
I00290,O00858,P0057,4,347.27,0
I00291,O00150,P0192,1,510.03,0
I00292,O00515,P0177,5,140.71,20
I00293,O00221,P0127,4,44.46,20
I00294,O00342,P0040,2,397.36,20
I00295,O00231,P0180,2,166.76,15
I00296,O00402,P0077,2,123.35,10
I00297,O00402,P0087,4,731.12,20
I00298,O00401,P0101,3,564.29,0
I00299,O00718,P0141,2,687.6,20
I00300,O00595,P0014,3,868.7,0
I00301,O00592,P0036,4,628.17,0
I00302,O00215,P0056,2,140.29,0
I00303,O00371,P0186,1,851.79,20
I00304,O00152,P0097,4,242.31,0
I00305,O00949,P0015,4,672.77,0
I00306,O00121,P0132,5,261.4,0
I00307,O00643,P0185,1,431.11,5
I00308,O00501,P0078,2,228.42,5
I00309,O00795,P0178,1,339.13,20
I00310,O00838,P0167,4,303.85,0
I00311,O00120,P0022,5,141.06,10
I00312,O00587,P0147,1,621.3,0
I00313,O00394,P0124,4,451.18,0
I00314,O00102,P0084,5,234.3,20
I00315,O00718,P0006,5,845.57,10
I00316,O00501,P0017,5,407.87,20
I00317,O00810,P0167,2,444.74,0
I00318,O00186,P0154,1,631.29,20
I00319,O00322,P0032,5,168.7,0
I00320,O00090,P0144,1,594.71,0
I00321,O00519,P0077,5,70.54,15
I00322,O00001,P0064,5,369.56,0
I00323,O00675,P0137,5,695.41,0
I00324,O00536,P0091,5,117.76,0
I00325,O00679,P0012,2,398.6,20
I00326,O00853,P0056,5,124.78,10
I00327,O00368,P0072,5,412.5,10
I00328,O00262,P0067,2,531.74,0
I00329,O00968,P0066,2,605.7,0
I00330,O00645,P0188,2,389.5,10
I00331,O00674,P0166,5,235.39,20
I00332,O00158,P0081,4,618.01,10
I00333,O00254,P0020,5,203.36,10
I00334,O00417,P0017,1,358.72,0
I00335,O00797,P0070,2,671.21,0
I00336,O00387,P0057,1,553.37,0
I00337,O00180,P0135,3,55.45,20
I00338,O00502,P0025,5,942.26,10
I00339,O00278,P0156,1,501.83,20
I00340,O00399,P0047,5,387.33,20
I00341,O00413,P0123,3,273.4,10
I00342,O00731,P0040,2,292.08,15
I00343,O00274,P0014,3,1025.98,0
I00344,O00695,P0156,4,507.5,0
I00345,O00818,P0120,3,1101.99,10
I00346,O00965,P0184,2,770.36,20
I00347,O00090,P0079,3,1015.53,15
I00348,O00082,P0020,1,214.21,0
I00349,O00087,P0191,4,490.87,0
I00350,O00986,P0109,2,440.1,10
I00351,O00702,P0174,1,88.2,10
I00352,O00195,P0191,-4,460.88,15
I00353,O00354,P0063,5,952.3,0
I00354,O00622,P0115,5,168.91,0
I00355,O00077,P0094,5,266.0,0
I00356,O00433,P0127,3,85.7,0
I00357,O00936,P0174,5,117.77,20
I00358,O00121,P0075,3,558.93,0
I00359,O00756,P0162,2,858.69,15
I00360,O00528,P0010,5,338.75,0
I00361,O00365,P0002,3,160.34,0
I00362,O00006,P0090,2,215.15,0
I00363,O00104,P0111,1,684.96,0
I00364,O00421,P0032,1,161.14,15
I00365,O00257,P0058,3,781.17,5
I00366,O00914,P0047,3,270.98,5
I00367,O00673,P0113,3,182.51,0
I00368,O00368,P0182,2,641.75,0
I00369,O00405,P0108,1,67.52,0
I00370,O00972,P0123,3,305.44,5
I00371,O00564,P0127,2,56.51,20
I00372,O00800,P0103,4,678.02,0
I00373,O00812,P0006,3,705.11,20
I00374,O00701,P0061,3,567.95,10
I00375,O00756,P0003,3,643.02,0
I00376,O00780,P0110,2,261.16,0
I00377,O00256,P0072,3,587.99,0
I00378,O00683,P0110,1,256.71,10
I00379,O00626,P0047,5,407.61,0
I00380,O00235,P0031,1,121.28,0
I00381,O00952,P0038,5,19.03,20
I00382,O00053,P0098,3,731.55,0
I00383,O00228,P0087,1,547.54,15
I00384,O00053,P0078,3,174.47,0
I00385,O00729,P0108,1,68.86,0
I00386,O00054,P0170,2,561.26,0
I00387,O00931,P0156,2,539.23,5
I00388,O00373,P0086,1,27.4,15
I00389,O00566,P0198,3,595.47,20
I00390,O00371,P0191,5,433.13,0
I00391,O00666,P0071,4,91.58,0
I00392,O00134,P0162,1,448.44,15
I00393,O00838,P0049,4,1098.72,0
I00394,O00965,P0140,3,281.2,20
I00395,O00207,P0137,1,517.02,5
I00396,O00564,P0183,5,1169.43,0
I00397,O00460,P0162,4,460.84,5
I00398,O00537,P0129,2,384.56,15
I00399,O00991,P0034,5,636.05,15
I00400,O00195,P0190,4,56.29,20
I00401,O00526,P0020,5,257.32,20
I00402,O00400,P0103,2,711.87,0
I00403,O00586,P0056,1,152.45,20
I00404,O00526,P0117,5,617.65,20
I00405,O00226,P0076,5,351.97,0
I00406,O00047,P0137,1,768.8,0
I00407,O00950,P0035,1,313.55,0
I00408,O00844,P0054,1,566.49,15
I00409,O00620,P0095,5,269.22,0
I00410,O00419,P0157,1,652.92,0
I00411,O00844,P0092,3,439.91,0
I00412,O00551,P0169,5,202.38,15
I00413,O00705,P0098,3,808.1,15
I00414,O00619,P0142,4,452.68,0
I00415,O00209,P0149,4,619.82,0
I00416,O00748,P0186,2,970.86,0
I00417,O00508,P0047,2,292.04,5
I00418,O00966,P0187,3,330.79,0
I00419,O00907,P0046,5,374.02,0
I00420,O00074,P0110,4,161.74,10
I00421,O00141,P0187,1,534.78,5
I00422,O00394,P0006,1,835.64,15
I00423,O00958,P0012,1,445.76,15
I00424,O00615,P0004,1,222.19,0
I00425,O00556,P0189,1,483.54,5
I00426,O00778,P0145,2,158.46,5
I00427,O00159,P0063,3,918.77,0
I00428,O00022,P0012,3,383.96,20
I00429,O00426,P0037,-2,32.69,5
I00430,O00395,P0038,3,19.48,15
I00431,O00394,P0176,1,163.52,0
I00432,O00230,P0027,3,649.44,10
I00433,O00342,P0031,1,184.27,10
I00434,O00155,P0046,3,512.65,15
I00435,O00436,P0039,3,664.56,0
I00436,O00357,P0027,4,803.85,0
I00437,O00831,P0183,1,1099.56,0
I00438,O00797,P0168,2,503.81,15
I00439,O00816,P0123,1,440.01,15
I00440,O00286,P0038,2,18.73,5
I00441,O00362,P0082,4,594.92,5
I00442,O00617,P0163,2,482.54,10
I00443,O00510,P0138,5,291.88,0
I00444,O00394,P0022,4,178.17,20
I00445,O00711,P0192,1,388.15,0
I00446,O00209,P0005,4,947.55,0
I00447,O00062,P0090,2,197.71,0
I00448,O00856,P0142,4,461.33,20
I00449,O00230,P0015,1,1150.12,15
I00450,O00147,P0097,4,195.77,15
I00451,O00109,P0170,4,817.7,20
I00452,O00162,P0008,2,201.79,0
I00453,O00013,P0146,4,487.2,0
I00454,O00482,P0191,5,459.74,0
I00455,O00482,P0106,4,334.68,15
I00456,O00014,P0074,1,497.2,0
I00457,O00619,P0193,2,284.37,20
I00458,O00434,P0175,4,750.28,20
I00459,O00265,P0147,2,487.2,0
I00460,O00279,P0024,2,851.22,5
I00461,O00634,P0015,2,1064.98,10
I00462,O00620,P0020,4,275.68,15
I00463,O00658,P0104,2,300.82,0
I00464,O00663,P0109,1,322.36,0
I00465,O00618,P0200,1,420.47,0
I00466,O00555,P0028,5,487.68,0
I00467,O00193,P0142,1,460.48,0
I00468,O00584,P0145,4,124.75,0
I00469,O00096,P0080,-3,923.89,5
I00470,O00513,P0050,4,757.69,0
I00471,O00720,P0173,4,664.01,10
I00472,O00104,P0129,2,239.18,20
I00473,O00392,P0123,1,355.66,0
I00474,O00699,P0119,1,448.91,0
I00475,O00906,P0056,2,143.12,0
I00476,O00987,P0129,5,397.76,20
I00477,O00350,P0115,3,112.23,10
I00478,O00877,P0111,4,548.18,10
I00479,O00622,P0020,5,305.28,5
I00480,O00100,P0004,3,173.7,20
I00481,O00801,P0023,4,580.73,0
I00482,O00166,P0018,3,156.36,0
I00483,O00184,P0182,3,1014.29,0
I00484,O00782,P0114,2,1139.71,10
I00485,O00500,P0011,3,480.89,20
I00486,O00635,P0175,3,729.11,10
I00487,O00975,P0081,4,678.29,0
I00488,O00899,P0175,1,845.2,0
I00489,O00717,P0144,-1,716.32,0
I00490,O00584,P0103,2,843.14,5
I00491,O00686,P0024,4,799.8,20
I00492,O00477,P0028,1,960.96,5
I00493,O00787,P0111,3,465.81,0
I00494,O00619,P0125,4,271.06,5
I00495,O00040,P0140,4,182.29,0
I00496,O00328,P0146,5,770.81,0
I00497,O00959,P0093,4,386.72,0
I00498,O00889,P0006,4,591.07,15
I00499,O00181,P0022,3,163.2,0
I00500,O00895,P0183,4,891.98,15
I00501,O00915,P0067,1,408.12,5
I00502,O00351,P0193,2,387.41,5
I00503,O00494,P0122,2,883.58,5
I00504,O00364,P0178,1,295.9,10
I00505,O00204,P0020,5,303.06,0
I00506,O00681,P0188,3,222.94,5
I00507,O00957,P0038,3,17.57,15
I00508,O00417,P0068,1,726.58,20
I00509,O00878,P0033,5,279.09,0
I00510,O00764,P0049,5,1008.9,10
I00511,O00387,P0056,2,160.28,10
I00512,O00979,P0004,3,110.97,0
I00513,O00515,P0032,4,199.74,0
I00514,O00361,P0139,3,381.82,0
I00515,O00470,P0110,5,239.92,10
I00516,O00447,P0098,4,701.78,15
I00517,O00636,P0026,1,623.81,0
I00518,O00632,P0106,5,363.31,0
I00519,O00649,P0114,1,973.23,20
I00520,O00431,P0055,4,685.06,0
I00521,O00201,P0121,3,1051.91,5
I00522,O00423,P0166,4,201.52,0
I00523,O00801,P0058,3,1152.04,0
I00524,O00315,P0107,1,761.25,5
I00525,O00034,P0004,-3,208.39,10
I00526,O00840,P0190,3,38.28,10
I00527,O00441,P0062,4,254.6,15
I00528,O00403,P0014,5,850.81,15
I00529,O00400,P0187,3,504.65,5
I00530,O00237,P0026,2,879.21,15
I00531,O00591,P0101,3,824.08,0
I00532,O00972,P0083,1,97.1,0
I00533,O00644,P0198,1,714.94,10
I00534,O00943,P0021,1,950.04,0
I00535,O00465,P0163,3,409.91,15
I00536,O00920,P0057,5,572.09,15
I00537,O00799,P0097,1,181.15,0
I00538,O00643,P0006,5,886.92,0
I00539,O00471,P0153,2,297.35,0
I00540,O00096,P0020,3,361.37,0
I00541,O00401,P0026,1,823.45,5
I00542,O00983,P0161,4,271.18,0
I00543,O00649,P0116,2,484.2,0
I00544,O00676,P0146,1,472.44,0
I00545,O00356,P0124,5,542.83,0
I00546,O00535,P0190,1,39.07,0
I00547,O00549,P0006,2,564.54,0
I00548,O00118,P0056,-2,96.67,15
I00549,O00709,P0033,4,306.93,0
I00550,O00357,P0182,3,738.51,20
I00551,O00508,P0112,4,834.68,0
I00552,O00178,P0051,3,1223.55,0
I00553,O00598,P0197,2,119.03,15
I00554,O00500,P0111,4,716.67,0
I00555,O00836,P0082,5,480.69,0
I00556,O00581,P0091,1,142.67,0
I00557,O00982,P0131,4,430.46,20
I00558,O00899,P0166,5,276.14,0
I00559,O00118,P0047,4,450.16,0
I00560,O00252,P0019,3,413.65,20
I00561,O00322,P0032,-1,244.97,0
I00562,O00477,P0146,2,674.27,5
I00563,O00291,P0155,2,255.69,0
I00564,O00734,P0156,1,686.81,15
I00565,O00432,P0175,3,881.95,0
I00566,O00202,P0013,4,319.22,0
I00567,O00432,P0031,2,154.47,10
I00568,O00393,P0061,3,395.04,20
I00569,O00877,P0148,4,511.9,20
I00570,O00991,P0104,5,566.46,0
I00571,O00346,P0166,-4,220.47,20
I00572,O00426,P0186,3,891.89,5
I00573,O00082,P0143,4,762.56,5
I00574,O00306,P0179,4,292.65,0
I00575,O00864,P0096,1,124.02,0
I00576,O00846,P0003,3,952.0,15
I00577,O00447,P0058,2,1052.66,20
I00578,O00378,P0138,1,236.57,20
I00579,O00045,P0029,3,244.91,0
I00580,O00705,P0157,4,502.84,0
I00581,O00948,P0036,1,542.91,20
I00582,O00152,P0193,4,474.99,15
I00583,O00126,P0134,5,64.06,5
I00584,O01000,P0072,4,352.34,0
I00585,O00785,P0076,3,500.37,20
I00586,O00249,P0169,2,318.06,0
I00587,O00996,P0127,1,72.16,5
I00588,O00839,P0099,1,463.93,20
I00589,O00605,P0195,3,103.96,0
I00590,O00726,P0117,5,537.6,0
I00591,O00225,P0094,4,373.24,10
I00592,O00208,P0200,1,434.32,0
I00593,O00703,P0079,5,902.47,0
I00594,O00473,P0028,2,490.6,5
I00595,O00192,P0069,-5,507.9,0
I00596,O00122,P0141,4,626.18,5
I00597,O00515,P0111,1,643.57,0
I00598,O00101,P0013,4,367.65,0
I00599,O00413,P0046,5,515.29,10
I00600,O00444,P0028,2,982.63,0
I00601,O00118,P0014,5,748.29,0
I00602,O00545,P0026,5,999.48,5
I00603,O00402,P0101,3,663.91,0
I00604,O00805,P0053,3,1024.8,0
I00605,O00752,P0001,5,929.82,10
I00606,O00489,P0190,2,38.28,15
I00607,O00072,P0043,4,516.29,0
I00608,O00683,P0122,1,514.89,0
I00609,O00903,P0020,1,298.63,5
I00610,O00598,P0001,2,708.79,0
I00611,O00839,P0005,3,885.95,10
I00612,O00516,P0043,1,496.01,20
I00613,O00754,P0086,3,32.92,0
I00614,O00680,P0125,4,244.73,0
I00615,O00309,P0182,5,901.87,20
I00616,O00886,P0153,3,396.82,15
I00617,O00656,P0006,4,881.63,15
I00618,O00146,P0092,2,600.24,15
I00619,O00997,P0111,1,526.83,5
I00620,O00655,P0028,5,951.43,5
I00621,O00982,P0135,3,66.42,5
I00622,O00604,P0107,3,514.55,0
I00623,O00594,P0134,5,47.83,20
I00624,O00466,P0146,3,550.19,0
I00625,O00511,P0176,2,167.14,0
I00626,O00639,P0143,3,700.23,0
I00627,O00819,P0076,-1,385.14,20
I00628,O00608,P0032,3,138.65,0
I00629,O00677,P0001,2,646.65,0
I00630,O00805,P0129,5,272.36,0
I00631,O00731,P0070,2,760.05,0
I00632,O00298,P0057,3,380.14,15
I00633,O00653,P0099,1,666.82,0
I00634,O00612,P0080,4,883.75,0
I00635,O00824,P0149,2,674.05,5
I00636,O00568,P0052,1,143.52,15
I00637,O00473,P0140,4,173.85,10
I00638,O00453,P0178,3,277.45,5
I00639,O00478,P0108,4,59.25,10
I00640,O00028,P0197,2,106.63,0
I00641,O00806,P0063,3,622.38,10
I00642,O00922,P0145,1,216.14,5
I00643,O00129,P0104,4,532.44,20
I00644,O00531,P0118,1,381.24,20
I00645,O00666,P0028,1,911.08,10
I00646,O00494,P0177,1,104.88,10
I00647,O00691,P0131,1,574.86,10
I00648,O00148,P0144,4,625.28,15
I00649,O00656,P0040,3,368.44,0
I00650,O00825,P0125,2,271.16,0
I00651,O00157,P0155,5,254.18,0
I00652,O00107,P0122,-5,639.47,0
I00653,O00949,P0032,4,284.69,20
I00654,O00241,P0140,5,273.69,20
I00655,O00674,P0158,2,932.41,0
I00656,O00146,P0191,2,406.71,15
I00657,O00560,P0052,3,142.59,0
I00658,O00983,P0151,3,358.62,15
I00659,O00820,P0028,4,559.3,0
I00660,O00469,P0031,1,152.35,0
I00661,O00661,P0167,5,322.02,0
I00662,O00986,P0036,4,620.84,0
I00663,O00367,P0129,5,286.45,15
I00664,O00538,P0100,2,690.88,0
I00665,O00672,P0185,4,677.87,20
I00666,O00144,P0072,3,566.28,0
I00667,O00939,P0166,4,331.05,0
I00668,O00590,P0182,5,628.11,15
I00669,O00332,P0151,3,411.37,20
I00670,O00414,P0018,2,141.46,15
I00671,O00109,P0128,4,625.03,0
I00672,O00791,P0188,1,433.59,0
I00673,O00746,P0099,4,677.6,0
I00674,O00627,P0065,1,206.86,0
I00675,O00622,P0162,2,578.73,15
I00676,O00461,P0097,5,223.71,0
I00677,O00259,P0126,3,40.94,15
I00678,O00166,P0112,2,456.41,0
I00679,O00645,P0172,1,860.36,0
I00680,O00369,P0199,5,790.52,0
I00681,O00190,P0175,5,720.83,20
I00682,O00213,P0147,5,461.32,10
I00683,O00922,P0144,1,803.79,15
I00684,O00386,P0019,2,544.74,0
I00685,O00104,P0031,1,154.47,0
I00686,O00024,P0058,3,1179.3,0
I00687,O00400,P0181,2,767.07,0
I00688,O00548,P0148,5,786.39,10
I00689,O00320,P0103,5,1042.01,0
I00690,O00597,P0121,3,877.0,0
I00691,O00347,P0108,3,112.87,0
I00692,O00143,P0053,3,1162.15,15
I00693,O00935,P0016,1,376.66,10
I00694,O00927,P0157,1,534.85,0
I00695,O00973,P0107,5,773.43,10
I00696,O00491,P0034,1,664.02,5
I00697,O00520,P0058,4,895.12,20
I00698,O00871,P0059,-1,444.19,20
I00699,O00831,P0051,4,1041.84,15
I00700,O00019,P0142,4,668.41,15
I00701,O00129,P0111,5,500.38,5
I00702,O00121,P0158,3,762.34,0
I00703,O00448,P0015,1,922.29,0
I00704,O00423,P0192,5,499.7,20
I00705,O00016,P0185,1,413.65,0
I00706,O00450,P0047,3,334.27,15
I00707,O00912,P0063,2,906.11,5
I00708,O00674,P0032,1,175.27,10
I00709,O00211,P0127,3,82.44,20
I00710,O00226,P0114,3,1042.06,0
I00711,O00890,P0168,3,476.3,10
I00712,O00516,P0027,4,826.05,10
I00713,O00498,P0072,2,541.12,10
I00714,O00237,P0079,2,600.6,15
I00715,O00836,P0037,2,55.96,15
I00716,O00783,P0117,1,743.11,0
I00717,O00277,P0072,3,536.75,0
I00718,O00062,P0072,4,434.99,20
I00719,O00392,P0099,2,414.47,0
I00720,O00676,P0111,3,450.16,20
I00721,O00357,P0007,3,756.97,0
I00722,O00830,P0193,1,384.88,20
I00723,O00637,P0112,1,782.69,10
I00724,O00398,P0185,3,737.18,10
I00725,O00475,P0109,5,530.88,0
I00726,O00167,P0098,2,475.44,0
I00727,O00288,P0175,1,976.12,20
I00728,O00556,P0076,4,324.79,0
I00729,O00371,P0069,5,345.34,0
I00730,O00583,P0170,3,822.41,5
I00731,O00474,P0005,4,483.72,0
I00732,O00492,P0164,2,642.57,10
I00733,O00962,P0021,5,841.15,0
I00734,O00452,P0047,3,310.6,5
I00735,O00131,P0059,2,839.46,15
I00736,O00051,P0060,1,593.88,10
I00737,O00882,P0113,1,161.35,0
I00738,O00063,P0183,3,578.61,20
I00739,O00879,P0091,1,158.38,0
I00740,O00112,P0020,1,282.3,0
I00741,O00209,P0084,4,210.3,5
I00742,O00897,P0073,3,105.26,0
I00743,O00344,P0105,3,664.78,0
I00744,O00637,P0008,1,244.45,0
I00745,O00934,P0152,-5,542.36,0
I00746,O00524,P0184,5,1070.34,15
I00747,O00353,P0056,5,80.84,15
I00748,O00154,P0098,1,846.48,0
I00749,O00579,P0129,5,418.61,10
I00750,O00751,P0032,5,257.13,10
I00751,O00484,P0169,4,243.75,0
I00752,O00857,P0148,2,530.69,20
I00753,O00787,P0093,3,568.69,0
I00754,O00710,P0062,4,293.21,0
I00755,O00574,P0130,3,167.61,10
I00756,O00236,P0115,2,137.98,20
I00757,O00129,P0138,4,319.47,15
I00758,O00142,P0156,3,580.2,0
I00759,O00084,P0105,2,715.02,15
I00760,O00903,P0198,2,834.77,0
I00761,O00171,P0031,5,165.61,5
I00762,O00761,P0026,1,1082.24,0
I00763,O00707,P0043,2,697.16,10
I00764,O00941,P0100,3,459.65,15
I00765,O00571,P0062,1,287.49,20
I00766,O00920,P0087,5,393.9,15
I00767,O00047,P0019,3,598.25,5
I00768,O00646,P0116,4,480.45,5
I00769,O00717,P0035,5,368.42,10
I00770,O00086,P0039,5,650.95,15
I00771,O00665,P0117,4,574.74,15
I00772,O00603,P0072,1,354.31,5
I00773,O00350,P0013,5,494.66,20
I00774,O00951,P0110,4,196.25,0
I00775,O00977,P0037,2,46.72,0
I00776,O00589,P0158,3,722.27,0
I00777,O00295,P0071,2,163.93,0
I00778,O00962,P0067,1,742.51,15
I00779,O00286,P0037,5,60.81,20
I00780,O00173,P0008,1,379.17,10
I00781,O00551,P0050,-1,594.02,0
I00782,O00965,P0147,4,522.38,20
I00783,O00465,P0076,1,461.84,5
I00784,O00506,P0068,2,728.42,15
I00785,O00685,P0030,1,829.61,0
I00786,O00745,P0020,5,247.71,5
I00787,O00646,P0189,1,700.3,0
I00788,O00914,P0010,5,237.24,20
I00789,O00572,P0170,1,869.6,15
I00790,O00009,P0063,4,1063.72,0
I00791,O00690,P0051,2,913.69,0
I00792,O00752,P0128,2,781.0,0
I00793,O00974,P0133,2,528.32,0
I00794,O00503,P0143,2,477.72,15
I00795,O00270,P0158,5,692.33,0
I00796,O00496,P0136,2,381.09,20
I00797,O00238,P0075,4,809.26,5
I00798,O00613,P0092,3,407.83,0
I00799,O00987,P0194,4,600.21,0
I00800,O00254,P0170,2,644.59,0
I00801,O00677,P0030,4,809.98,20
I00802,O00904,P0124,4,562.99,15
I00803,O00241,P0008,5,229.2,20
I00804,O00802,P0105,3,565.06,0
I00805,O00422,P0101,4,618.74,0
I00806,O00275,P0125,3,407.44,0
I00807,O00316,P0115,5,166.3,10
I00808,O00212,P0200,5,554.72,0
I00809,O00620,P0139,-1,635.66,0
I00810,O00800,P0181,3,685.43,10
I00811,O00065,P0168,2,492.88,0
I00812,O00161,P0138,2,242.67,0
I00813,O00933,P0096,2,192.21,0
I00814,O00963,P0004,1,198.27,10
I00815,O00105,P0129,4,243.88,0
I00816,O00309,P0007,2,392.42,15
I00817,O00127,P0097,2,263.3,0
I00818,O00883,P0022,5,202.15,20
I00819,O00751,P0107,-5,637.95,0
I00820,O00098,P0189,4,480.09,10
I00821,O00880,P0080,4,791.86,0
I00822,O00310,P0071,1,107.63,15
I00823,O00591,P0121,4,565.34,5
I00824,O00575,P0072,5,438.44,5
I00825,O00018,P0128,3,845.13,15
I00826,O00111,P0116,1,523.27,0
I00827,O00458,P0095,1,355.12,0
I00828,O00148,P0162,1,690.23,0
I00829,O00886,P0126,1,37.94,10
I00830,O00859,P0122,5,787.67,0
I00831,O00786,P0127,3,75.33,20
I00832,O00155,P0010,5,291.02,20
I00833,O00006,P0069,5,634.18,10
I00834,O00512,P0081,2,590.91,15
I00835,O00495,P0132,1,355.3,5
I00836,O00717,P0020,1,213.61,15
I00837,O00125,P0043,1,466.47,5
I00838,O00508,P0044,5,459.47,15
I00839,O00896,P0141,1,672.89,5
I00840,O00302,P0185,3,598.14,10
I00841,O00911,P0096,2,138.63,10
I00842,O00702,P0053,3,907.48,0
I00843,O00484,P0119,3,442.75,15
I00844,O00873,P0035,4,186.85,5
I00845,O00184,P0039,1,530.21,0
I00846,O00205,P0178,4,250.06,0
I00847,O00640,P0120,1,748.21,10
I00848,O00905,P0058,1,1182.89,0
I00849,O00292,P0110,3,203.95,20
I00850,O00413,P0066,2,415.38,0
I00851,O00106,P0188,2,282.11,0
I00852,O00130,P0134,4,57.3,20
I00853,O00874,P0152,5,760.83,5
I00854,O00215,P0044,-2,622.99,0
I00855,O00952,P0158,2,836.29,0
I00856,O00332,P0020,1,208.67,20
I00857,O00451,P0109,3,384.53,20
I00858,O00121,P0062,4,387.24,15
I00859,O00486,P0091,5,128.9,0
I00860,O00905,P0155,2,465.67,20
I00861,O00285,P0183,4,913.98,5
I00862,O00712,P0065,5,276.33,15
I00863,O00357,P0046,-3,598.76,20
I00864,O00687,P0089,2,178.98,0
I00865,O00392,P0096,1,145.71,0
I00866,O00539,P0050,-3,575.14,0
I00867,O00938,P0065,1,231.91,0
I00868,O00663,P0071,4,87.66,15
I00869,O00722,P0065,1,287.15,20
I00870,O00032,P0184,5,975.49,5
I00871,O00178,P0122,5,809.59,0
I00872,O00379,P0008,2,327.97,0
I00873,O00892,P0034,1,632.98,15
I00874,O00728,P0016,5,261.58,20
I00875,O00199,P0168,1,481.59,15
I00876,O00869,P0082,2,673.05,10
I00877,O00740,P0094,4,279.15,15
I00878,O00686,P0016,5,233.26,0
I00879,O00086,P0045,3,521.74,15
I00880,O00518,P0105,1,588.7,10
I00881,O00360,P0031,5,178.24,0
I00882,O00580,P0119,1,264.57,0
I00883,O00191,P0082,1,621.9,20
I00884,O00011,P0056,4,84.96,15
I00885,O00966,P0064,2,337.78,15
I00886,O00136,P0080,3,607.42,0
I00887,O00579,P0081,2,567.63,0
I00888,O00182,P0076,4,401.09,5
I00889,O00364,P0149,5,788.76,15
I00890,O00704,P0044,5,426.4,10
I00891,O00583,P0054,4,457.74,20
I00892,O00699,P0074,5,406.39,15
I00893,O00814,P0069,2,436.12,5
I00894,O00268,P0009,5,85.77,0
I00895,O00487,P0036,3,670.19,5
I00896,O00675,P0151,3,443.24,15
I00897,O00368,P0003,4,671.02,15
I00898,O00925,P0026,3,757.26,5
I00899,O00560,P0048,4,40.15,5
I00900,O00608,P0148,4,592.12,0
I00901,O00259,P0186,3,747.67,5
I00902,O00308,P0011,2,612.46,10
I00903,O00111,P0108,3,116.98,5
I00904,O00608,P0008,2,371.61,10
I00905,O00989,P0179,2,309.64,10
I00906,O00770,P0036,3,885.56,0
I00907,O00994,P0024,2,881.04,5
I00908,O00406,P0043,2,544.69,0
I00909,O00309,P0079,2,1022.71,5
I00910,O00093,P0186,5,940.81,0
I00911,O00006,P0123,1,408.63,15
I00912,O00404,P0179,4,262.88,20
I00913,O00475,P0181,1,531.6,0
I00914,O00782,P0035,3,364.75,20
I00915,O00691,P0187,5,461.4,0
I00916,O00356,P0126,5,33.86,10
I00917,O00183,P0197,3,87.54,20
I00918,O00002,P0157,4,774.57,15
I00919,O00236,P0036,1,586.86,5
I00920,O00096,P0087,2,515.38,0
I00921,O00319,P0100,4,419.12,5
I00922,O00184,P0042,5,320.38,5
I00923,O00826,P0022,1,194.01,5
I00924,O00823,P0004,2,176.95,5
I00925,O00703,P0117,-4,703.16,0
I00926,O00311,P0109,1,478.99,20
I00927,O00931,P0116,4,647.98,20
I00928,O00548,P0094,2,396.76,10
I00929,O00778,P0099,1,394.15,0
I00930,O00971,P0182,2,763.93,10
I00931,O00746,P0117,4,629.61,0
I00932,O00889,P0126,1,64.6,15
I00933,O00379,P0065,3,256.18,0
I00934,O00556,P0069,3,494.76,5
I00935,O00333,P0077,5,66.68,15
I00936,O00038,P0137,2,540.34,10
I00937,O00097,P0033,4,370.34,0
I00938,O00354,P0118,2,718.15,20
I00939,O00955,P0188,5,328.6,0
I00940,O00335,P0096,5,247.41,15
I00941,O00832,P0026,1,776.66,15
I00942,O00768,P0078,1,160.46,15
I00943,O00264,P0185,1,728.22,5
I00944,O00989,P0030,5,589.14,0
I00945,O00631,P0132,2,311.57,0
I00946,O00384,P0147,4,433.34,15
I00947,O00797,P0048,1,35.41,0
I00948,O00695,P0073,4,77.75,20
I00949,O00425,P0169,3,272.36,20
I00950,O01000,P0163,2,424.04,15
I00951,O00333,P0057,3,535.67,10
I00952,O00847,P0118,5,488.1,5
I00953,O00488,P0143,-3,617.2,20
I00954,O00456,P0039,4,486.76,15
I00955,O00175,P0173,4,348.63,20
I00956,O00586,P0021,5,1088.44,0
I00957,O00213,P0192,3,411.22,20
I00958,O00323,P0116,1,427.59,10
I00959,O00171,P0160,4,805.9,20
I00960,O00024,P0193,5,507.62,0
I00961,O00385,P0138,5,374.41,0
I00962,O00100,P0102,1,555.67,0
I00963,O00886,P0041,4,463.2,0
I00964,O00770,P0056,5,101.67,20
I00965,O00372,P0162,3,662.98,10
I00966,O00402,P0058,4,1073.57,0
I00967,O00846,P0116,2,524.35,0
I00968,O00546,P0086,2,27.65,0
I00969,O00393,P0149,4,766.14,15
I00970,O00030,P0159,5,697.41,0
I00971,O00614,P0147,1,451.52,0
I00972,O00171,P0146,1,851.48,0
I00973,O00761,P0154,4,630.15,20
I00974,O00198,P0042,2,200.23,15
I00975,O00944,P0052,3,116.17,0
I00976,O00212,P0148,2,681.19,5
I00977,O00248,P0046,5,526.71,20
I00978,O00619,P0085,2,388.87,15
I00979,O00986,P0018,-1,196.62,5
I00980,O00888,P0134,4,45.42,5
I00981,O00981,P0067,5,419.59,20
I00982,O00622,P0166,1,294.82,20
I00983,O00744,P0016,4,381.59,15
I00984,O00788,P0011,5,563.82,5
I00985,O00439,P0032,3,251.12,10
I00986,O00772,P0029,3,327.81,0
I00987,O00146,P0063,2,703.69,0
I00988,O00658,P0178,4,334.1,20
I00989,O00267,P0088,4,537.07,5
I00990,O00717,P0067,5,385.33,0
I00991,O00152,P0134,2,82.45,10
I00992,O00372,P0183,2,918.39,0
I00993,O00487,P0183,3,663.83,20
I00994,O00712,P0033,3,487.4,0
I00995,O00653,P0059,-2,704.72,0
I00996,O00599,P0004,5,197.13,10
I00997,O00416,P0123,2,555.68,15
I00998,O00160,P0151,3,394.68,5
I00999,O00887,P0125,5,367.14,5
I01000,O00919,P0098,-1,570.3,0
I01001,O00212,P0058,5,1087.11,20
I01002,O00123,P0167,4,325.51,15
I01003,O00929,P0004,5,215.17,15
I01004,O00208,P0094,4,322.92,0
I01005,O00520,P0018,5,216.78,10
I01006,O00894,P0021,1,781.36,10
I01007,O00254,P0063,2,955.63,15
I01008,O00879,P0063,4,652.09,10
I01009,O00273,P0142,2,655.61,0
I01010,O00928,P0034,1,731.04,0
I01011,O00600,P0195,4,63.07,20
I01012,O00053,P0082,1,412.01,0
I01013,O00453,P0022,1,180.07,0
I01014,O00613,P0125,1,393.18,20
I01015,O00927,P0029,4,417.25,0
I01016,O00604,P0163,4,707.53,0
I01017,O00773,P0105,4,741.31,0
I01018,O00520,P0124,3,438.56,10
I01019,O00255,P0088,5,610.92,15
I01020,O00451,P0029,2,346.14,0
I01021,O00915,P0131,2,389.88,20
I01022,O00443,P0173,4,461.81,15
I01023,O00552,P0047,1,442.79,0
I01024,O00315,P0129,5,352.41,15
I01025,O00308,P0157,2,525.54,0
I01026,O00785,P0102,2,570.32,0
I01027,O00334,P0133,5,976.38,20
I01028,O00744,P0069,3,515.04,20
I01029,O00855,P0078,3,182.17,0
I01030,O00850,P0191,3,382.27,5
I01031,O00781,P0107,-4,408.5,5
I01032,O00363,P0166,4,365.96,0
I01033,O00839,P0181,3,493.97,0
I01034,O00025,P0083,4,127.81,10
I01035,O00757,P0052,5,167.7,20
I01036,O00281,P0028,2,651.88,5
I01037,O00965,P0185,1,705.2,5
I01038,O00705,P0181,3,774.7,10
I01039,O00385,P0016,3,261.26,0
I01040,O00449,P0073,2,124.1,0
I01041,O00333,P0199,2,794.71,10
I01042,O00307,P0147,1,492.48,0
I01043,O00587,P0140,3,252.42,20
I01044,O00299,P0177,-1,180.12,15
I01045,O00729,P0190,3,64.0,5
I01046,O00766,P0055,4,534.59,0
I01047,O00342,P0051,3,764.94,15
I01048,O00956,P0006,4,669.1,20
I01049,O00499,P0013,1,604.31,10
I01050,O00383,P0005,1,948.64,20
I01051,O00818,P0084,4,254.98,0
I01052,O00650,P0018,5,124.36,10
I01053,O00800,P0029,5,434.16,0
I01054,O00588,P0120,2,984.07,20
I01055,O00701,P0111,4,648.26,15
I01056,O00156,P0167,2,369.9,0
I01057,O00465,P0136,4,383.52,5
I01058,O00589,P0076,-4,318.12,0
I01059,O00331,P0110,2,238.26,20
I01060,O00335,P0137,2,832.91,10
I01061,O00948,P0091,5,111.81,20
I01062,O00152,P0053,1,597.23,10
I01063,O00968,P0011,5,461.85,0
I01064,O00336,P0081,2,533.88,0
I01065,O00435,P0070,2,950.91,0
I01066,O00141,P0113,4,103.65,20
I01067,O00762,P0190,1,47.96,5
I01068,O00204,P0053,5,1093.15,0
I01069,O00993,P0045,5,561.26,0
I01070,O00167,P0194,4,527.67,0
I01071,O00768,P0082,2,702.29,20
I01072,O00520,P0093,5,352.21,5
I01073,O00017,P0002,4,173.73,20
I01074,O00103,P0091,3,182.91,5
I01075,O00969,P0167,1,370.51,20
I01076,O00400,P0121,-3,919.5,0
I01077,O00047,P0037,2,51.35,0
I01078,O00532,P0040,4,378.12,0
I01079,O00611,P0054,3,466.67,5
I01080,O00844,P0041,2,584.64,0
I01081,O00760,P0172,1,848.72,0
I01082,O00510,P0053,3,1152.59,0
I01083,O00637,P0083,-1,128.41,5
I01084,O00036,P0189,4,416.59,5
I01085,O00781,P0154,2,461.89,0
I01086,O00358,P0058,1,661.75,5
I01087,O00476,P0107,5,569.29,20
I01088,O00618,P0164,-4,671.94,0
I01089,O00132,P0083,3,192.41,15
I01090,O00734,P0025,5,589.74,0
I01091,O00528,P0034,2,742.56,0
I01092,O00762,P0025,3,953.6,0
I01093,O00256,P0058,3,799.92,5
I01094,O00685,P0152,5,913.39,0
I01095,O00779,P0034,3,1024.2,10
I01096,O00755,P0009,4,84.33,20
I01097,O00203,P0047,-1,461.84,0
I01098,O00166,P0102,5,522.21,20
I01099,O00353,P0049,5,789.75,0
I01100,O00465,P0160,4,626.73,0
I01101,O00672,P0197,3,87.36,0
I01102,O00262,P0088,4,726.13,5
I01103,O00680,P0025,3,888.45,0
I01104,O00065,P0094,1,393.43,0
I01105,O00097,P0059,1,488.13,15
I01106,O00303,P0033,3,376.21,10
I01107,O00963,P0022,5,135.86,20
I01108,O00964,P0131,2,601.16,0
I01109,O00752,P0191,5,482.81,10
I01110,O00881,P0136,5,272.06,0
I01111,O00711,P0136,2,216.51,0
I01112,O00651,P0163,2,652.49,20
I01113,O00734,P0039,5,578.38,0
I01114,O00286,P0013,4,401.4,10
I01115,O00996,P0108,4,77.59,15
I01116,O00961,P0077,-3,105.13,15
I01117,O00320,P0054,5,546.79,0
I01118,O00061,P0194,2,445.3,0
I01119,O00783,P0063,2,929.79,5
I01120,O00606,P0050,3,456.61,0
I01121,O00144,P0103,5,1200.71,0
I01122,O00211,P0114,3,1030.05,0
I01123,O00653,P0031,5,103.92,15
I01124,O00613,P0121,4,679.82,0
I01125,O00555,P0191,2,281.66,20
I01126,O00933,P0185,3,774.82,0
I01127,O00391,P0066,4,560.04,0
I01128,O00898,P0182,4,893.33,0
I01129,O00536,P0027,5,955.0,20
I01130,O00372,P0062,4,401.56,5
I01131,O00432,P0015,3,1077.08,15
I01132,O00283,P0065,3,203.55,20
I01133,O00258,P0092,1,654.44,5
I01134,O00249,P0150,5,639.57,0
I01135,O00107,P0200,4,536.61,20
I01136,O00580,P0097,4,145.94,0
I01137,O00605,P0165,5,556.01,20
I01138,O00245,P0093,5,457.64,5
I01139,O00736,P0191,4,503.31,10
I01140,O00885,P0134,4,79.38,15
I01141,O00763,P0200,1,411.97,0
I01142,O00025,P0162,1,565.29,5
I01143,O00822,P0008,3,258.09,15
I01144,O00353,P0091,2,124.71,20
I01145,O00049,P0084,3,357.74,0
I01146,O00215,P0143,5,780.42,15
I01147,O00411,P0193,2,538.27,20
I01148,O00092,P0086,5,28.62,20
I01149,O00990,P0059,3,479.25,15
I01150,O00093,P0164,5,685.31,0
I01151,O00775,P0098,4,574.01,20
I01152,O00449,P0093,2,423.93,0
I01153,O00195,P0149,5,932.73,10
I01154,O00304,P0194,2,418.98,15
I01155,O00078,P0051,5,1192.93,15
I01156,O00415,P0068,3,553.46,5
I01157,O00137,P0099,3,564.16,0
I01158,O00332,P0058,1,747.06,0
I01159,O00684,P0071,-2,159.21,0
I01160,O00252,P0058,2,682.81,0
I01161,O00250,P0006,4,872.55,5
I01162,O00570,P0142,2,528.55,20
I01163,O00532,P0149,5,1040.97,5
I01164,O00765,P0067,3,693.85,0
I01165,O00442,P0095,2,281.95,0
I01166,O00079,P0178,2,342.69,10
I01167,O00132,P0025,5,859.52,10
I01168,O00322,P0027,5,583.76,0
I01169,O00735,P0180,5,163.41,0
I01170,O00477,P0069,1,510.7,5
I01171,O00510,P0152,2,451.84,5
I01172,O00573,P0167,3,329.59,15
I01173,O00152,P0017,1,523.85,0
I01174,O00584,P0065,1,248.11,5
I01175,O00442,P0181,2,774.41,0
I01176,O00678,P0116,3,496.8,10
I01177,O00818,P0131,2,597.76,15
I01178,O00601,P0081,5,463.29,20
I01179,O00367,P0151,1,419.38,10
I01180,O00424,P0187,2,410.58,10
I01181,O00793,P0195,2,58.82,5
I01182,O00747,P0031,1,189.39,10
I01183,O00718,P0176,4,150.75,5
I01184,O00142,P0088,3,547.56,15
I01185,O00441,P0065,2,179.42,0
I01186,O00233,P0090,1,205.02,20
I01187,O00097,P0135,5,36.09,10
I01188,O00061,P0175,2,469.71,10
I01189,O00013,P0002,3,124.81,10
I01190,O00577,P0096,2,144.75,10
I01191,O00511,P0047,3,267.9,15
I01192,O00935,P0040,5,246.79,5
I01193,O00724,P0198,2,805.98,5
I01194,O00032,P0160,5,1090.6,20
I01195,O00964,P0031,3,188.27,0
I01196,O00358,P0175,5,553.84,0
I01197,O00510,P0050,5,846.99,5
I01198,O00951,P0169,4,335.58,0
I01199,O00685,P0142,2,510.09,0
I01200,O00984,P0126,4,34.39,0
I01201,O00939,P0123,5,299.57,10
I01202,O00094,P0170,5,690.23,15
I01203,O00545,P0134,5,71.61,0
I01204,O00329,P0035,2,243.56,15
I01205,O00437,P0104,1,434.91,5
I01206,O00107,P0083,5,134.27,5
I01207,O00806,P0198,1,672.93,0
I01208,O00193,P0023,5,784.58,10
I01209,O00556,P0045,1,496.46,0
I01210,O00990,P0078,3,273.56,0
I01211,O00844,P0176,5,167.24,0
I01212,O00521,P0095,1,415.86,0
I01213,O00469,P0048,3,23.09,0
I01214,O00508,P0053,5,590.54,5
I01215,O00211,P0177,3,93.16,0
I01216,O00676,P0085,4,582.56,0
I01217,O00940,P0103,2,978.51,10
I01218,O00685,P0067,4,644.41,15
I01219,O00885,P0161,3,278.27,0
I01220,O00426,P0106,2,341.61,5
I01221,O00260,P0154,-4,412.18,20
I01222,O00460,P0033,2,271.73,0
I01223,O00119,P0041,4,311.15,10
I01224,O00336,P0043,3,910.69,15
I01225,O00953,P0178,5,241.17,20
I01226,O00584,P0067,1,529.67,0
I01227,O00974,P0023,4,527.71,10
I01228,O00037,P0121,1,640.77,20
I01229,O00398,P0048,1,27.0,10
I01230,O00380,P0113,4,166.11,0
I01231,O00679,P0129,2,427.35,15
I01232,O00326,P0012,2,473.35,0
I01233,O00944,P0045,2,621.57,0
I01234,O00401,P0098,3,643.86,0
I01235,O00189,P0161,4,198.09,5
I01236,O00072,P0063,3,876.92,0
I01237,O00561,P0082,1,490.58,10
I01238,O00018,P0159,3,584.62,0
I01239,O00924,P0027,1,661.56,10
I01240,O00060,P0100,1,778.86,20
I01241,O00644,P0010,1,180.31,20
I01242,O00933,P0122,4,563.99,10
I01243,O00397,P0116,2,636.43,10
I01244,O00257,P0089,4,162.96,0
I01245,O00466,P0138,2,213.52,15
I01246,O00749,P0045,4,654.81,0
I01247,O00377,P0190,-3,37.36,5
I01248,O00421,P0182,2,1015.0,0
I01249,O00861,P0161,4,280.77,5
I01250,O00472,P0188,4,329.82,0
I01251,O00334,P0171,5,84.74,0
I01252,O00730,P0049,5,764.64,5
I01253,O00562,P0196,3,469.35,0
I01254,O00403,P0037,5,54.37,0
I01255,O00927,P0199,4,430.72,0
I01256,O00346,P0142,4,736.26,5
I01257,O00185,P0114,-2,800.87,15
I01258,O00177,P0070,5,949.17,15
I01259,O00412,P0148,2,455.23,0
I01260,O00480,P0063,2,998.84,5
I01261,O00324,P0157,5,612.72,15
I01262,O00897,P0010,1,192.92,0
I01263,O00943,P0014,1,777.94,0
I01264,O00208,P0191,2,348.89,0
I01265,O00372,P0160,5,1100.41,5
I01266,O00487,P0087,3,468.59,20
I01267,O00576,P0041,2,341.58,0
I01268,O00546,P0159,5,666.86,5
I01269,O00717,P0072,2,582.43,15
I01270,O00969,P0038,1,28.46,0
I01271,O00902,P0098,4,492.82,0
I01272,O00601,P0177,3,186.17,10
I01273,O00586,P0047,1,497.27,15
I01274,O00581,P0089,1,210.31,0
I01275,O00182,P0035,4,368.5,0
I01276,O00958,P0172,3,603.38,20
I01277,O00972,P0022,4,115.38,10
I01278,O00428,P0044,3,363.31,0
I01279,O00533,P0007,2,399.89,0
I01280,O00718,P0079,4,723.94,0
I01281,O00768,P0195,1,77.56,0
I01282,O00134,P0160,-5,567.36,5
I01283,O00205,P0121,1,900.4,0
I01284,O00714,P0097,5,268.64,20
I01285,O00435,P0105,2,890.02,15
I01286,O00268,P0142,3,470.9,5
I01287,O00941,P0172,3,885.91,0
I01288,O00024,P0033,1,318.89,0
I01289,O00383,P0017,2,474.79,20
I01290,O00078,P0003,3,956.68,10
I01291,O00073,P0040,4,348.66,0
I01292,O00805,P0171,1,73.5,0
I01293,O00205,P0191,2,287.69,0
I01294,O00004,P0111,2,534.55,15
I01295,O00082,P0100,5,488.17,20
I01296,O00203,P0182,5,865.61,5
I01297,O00295,P0188,1,324.82,10
I01298,O00007,P0021,2,676.75,10
I01299,O00590,P0049,1,660.5,20
I01300,O00330,P0194,2,417.94,20
I01301,O00607,P0076,5,528.09,0
I01302,O00437,P0065,2,220.36,15
I01303,O00912,P0175,2,501.67,0
I01304,O00506,P0089,1,179.32,20
I01305,O00441,P0021,4,533.42,15
I01306,O00691,P0023,3,761.21,10
I01307,O00695,P0017,3,383.26,15
I01308,O00831,P0123,3,494.42,0
I01309,O00560,P0191,5,310.05,15
I01310,O00362,P0105,4,594.99,20
I01311,O00867,P0104,4,423.13,0
I01312,O00756,P0193,1,546.99,20
I01313,O00325,P0098,2,596.01,0
I01314,O00445,P0170,2,704.13,0
I01315,O00223,P0025,-4,565.3,0
I01316,O00203,P0006,2,607.76,20
I01317,O00563,P0072,4,469.18,5
I01318,O00444,P0112,2,637.93,15
I01319,O00062,P0091,1,195.01,15
I01320,O00489,P0156,2,661.49,5
I01321,O00823,P0056,1,159.03,15
I01322,O00163,P0087,5,516.64,0
I01323,O00614,P0034,3,1065.29,20
I01324,O00706,P0033,4,269.71,5
I01325,O00379,P0107,3,672.78,20
I01326,O00925,P0081,4,811.61,10
I01327,O00349,P0148,2,773.69,0
I01328,O00801,P0162,2,758.71,10
I01329,O00243,P0064,4,366.72,0
I01330,O00524,P0025,2,814.87,0
I01331,O00542,P0126,3,35.29,5
I01332,O00797,P0050,3,751.36,0
I01333,O00869,P0200,2,414.61,0
I01334,O00336,P0092,4,593.96,20
I01335,O00280,P0082,3,562.29,10
I01336,O00205,P0166,5,330.89,0
I01337,O00752,P0016,2,315.18,10
I01338,O00290,P0064,4,328.32,20
I01339,O00012,P0077,2,78.57,0
I01340,O00668,P0165,1,705.51,20
I01341,O00932,P0038,4,25.06,10
I01342,O00455,P0195,3,85.15,0
I01343,O00724,P0156,2,692.56,0
I01344,O00980,P0005,3,743.47,0
I01345,O00146,P0081,4,699.27,15
I01346,O00445,P0166,2,270.59,20
I01347,O00779,P0009,3,80.74,10
I01348,O00041,P0131,2,502.36,0
I01349,O00144,P0039,2,799.97,0
I01350,O00095,P0194,3,400.01,5
I01351,O00352,P0193,4,447.04,10
I01352,O00427,P0165,2,803.53,0
I01353,O00834,P0054,1,607.62,20
I01354,O00268,P0059,5,443.19,15
I01355,O00864,P0179,1,159.44,20
I01356,O00239,P0040,2,319.4,0
I01357,O00397,P0194,4,298.87,20
I01358,O00297,P0127,-4,66.7,0
I01359,O00205,P0151,2,410.89,0
I01360,O00358,P0180,3,134.19,20
I01361,O00169,P0102,5,346.1,15
I01362,O00763,P0160,5,781.16,5
I01363,O00164,P0052,3,147.89,0
I01364,O00920,P0067,3,552.48,5
I01365,O00618,P0167,4,265.53,0
I01366,O00043,P0100,2,491.45,10
I01367,O00754,P0192,2,606.47,20
I01368,O00311,P0093,2,506.98,20
I01369,O00259,P0056,3,79.13,20
I01370,O00186,P0086,4,28.28,5
I01371,O00401,P0155,4,349.7,10
I01372,O00293,P0171,2,75.12,0
I01373,O00906,P0001,5,494.2,0
I01374,O00970,P0071,3,124.02,15
I01375,O00582,P0041,3,357.94,0
I01376,O00995,P0109,3,313.48,5
I01377,O00670,P0006,1,902.57,0
I01378,O00146,P0068,2,396.65,15
I01379,O00763,P0175,4,557.5,0
I01380,O00089,P0186,5,860.62,0
I01381,O00277,P0006,4,488.72,15
I01382,O00157,P0056,4,80.61,5
I01383,O00443,P0120,1,881.17,0
I01384,O00673,P0017,3,455.55,15
I01385,O00491,P0052,1,187.49,20
I01386,O00193,P0061,1,805.65,0
I01387,O00895,P0145,4,190.85,15
I01388,O00501,P0060,1,648.72,0
I01389,O00613,P0095,4,332.85,0
I01390,O00675,P0096,5,139.18,15
I01391,O00655,P0089,5,153.97,5
I01392,O00356,P0197,4,110.82,5
I01393,O00369,P0111,3,852.72,0
I01394,O00947,P0092,4,670.69,20
I01395,O00697,P0043,3,693.02,20
I01396,O00641,P0038,5,26.37,15
I01397,O00164,P0147,2,632.28,5
I01398,O00084,P0108,5,91.43,10
I01399,O00107,P0148,-5,673.12,0
I01400,O00758,P0059,3,660.72,0
I01401,O00750,P0096,4,188.33,20
I01402,O00403,P0057,4,522.57,0
I01403,O00232,P0164,2,848.0,20
I01404,O00193,P0184,-5,1080.67,5
I01405,O00148,P0019,3,372.08,5
I01406,O00311,P0054,1,675.66,0
I01407,O00025,P0005,1,569.41,20
I01408,O00795,P0175,3,698.7,0
I01409,O00433,P0092,1,648.33,0
I01410,O00352,P0100,3,591.38,10
I01411,O00942,P0123,5,282.89,5
I01412,O00033,P0128,1,591.0,5
I01413,O00882,P0099,1,494.13,10
I01414,O00636,P0090,4,311.35,5
I01415,O00040,P0125,1,365.27,10
I01416,O00095,P0022,1,169.29,15
I01417,O00346,P0062,4,218.47,0
I01418,O00566,P0199,4,503.98,5
I01419,O00098,P0003,5,952.71,20
I01420,O00029,P0130,5,117.42,0
I01421,O00714,P0145,5,203.05,0
I01422,O00260,P0150,5,666.6,5
I01423,O00301,P0042,5,228.71,0
I01424,O00704,P0040,1,251.77,5
I01425,O00256,P0002,2,222.58,0
I01426,O00310,P0047,5,464.51,0
I01427,O00731,P0114,1,626.85,0
I01428,O00136,P0190,5,52.02,5
I01429,O00509,P0094,4,196.65,10
I01430,O00920,P0178,5,205.26,5
I01431,O00035,P0072,4,303.61,0
I01432,O00270,P0171,4,107.35,0
I01433,O00929,P0036,2,522.27,0
I01434,O00681,P0051,5,841.51,0
I01435,O00490,P0018,2,184.39,0
I01436,O00574,P0011,2,444.35,15
I01437,O00719,P0101,-1,670.94,0
I01438,O00116,P0135,5,53.31,0
I01439,O00902,P0036,2,922.82,20
I01440,O00219,P0049,4,833.18,0
I01441,O00177,P0100,5,779.6,0
I01442,O00150,P0171,5,80.2,20
I01443,O00070,P0123,1,436.59,0
I01444,O00642,P0193,3,566.55,20
I01445,O00269,P0105,4,460.75,0
I01446,O00800,P0102,-3,488.73,10
I01447,O00857,P0058,2,896.25,20
I01448,O00522,P0105,2,555.39,10
I01449,O00295,P0128,4,763.48,5
I01450,O00068,P0144,2,1000.93,0
I01451,O00379,P0072,4,482.47,0
I01452,O00311,P0138,3,355.72,5
I01453,O00524,P0125,5,422.85,15
I01454,O00620,P0154,5,452.96,0
I01455,O00094,P0178,3,290.28,10
I01456,O00647,P0017,3,518.11,20
I01457,O00296,P0153,3,456.28,0
I01458,O00929,P0062,3,432.51,0
I01459,O00846,P0086,4,20.68,10
I01460,O00435,P0172,5,900.34,0
I01461,O00822,P0198,2,746.95,0
I01462,O00730,P0139,2,634.05,10
I01463,O00533,P0045,3,531.99,0
I01464,O00613,P0163,2,668.76,20
I01465,O00509,P0096,4,213.58,10
I01466,O00471,P0138,3,305.84,0
I01467,O00128,P0097,4,140.07,0
I01468,O00832,P0066,4,771.29,10
I01469,O00598,P0071,4,101.73,0
I01470,O00438,P0161,5,215.38,5
I01471,O00397,P0081,2,496.49,20
I01472,O00821,P0014,1,755.33,10
I01473,O00549,P0069,1,682.56,15
I01474,O00434,P0053,5,618.4,0
I01475,O00346,P0160,3,814.58,0
I01476,O00226,P0159,3,836.59,0
I01477,O00861,P0061,5,632.79,20
I01478,O00226,P0044,4,366.93,10
I01479,O00018,P0042,5,346.71,0
I01480,O00829,P0125,2,462.08,0
I01481,O00248,P0118,2,717.71,0
I01482,O00110,P0001,3,689.81,20
I01483,O00615,P0099,2,375.78,0
I01484,O00419,P0183,2,1024.06,5
I01485,O00872,P0158,1,875.64,0
I01486,O00211,P0173,5,461.76,0
I01487,O00512,P0130,4,162.64,0
I01488,O00148,P0181,4,442.7,5
I01489,O00213,P0056,4,101.27,15
I01490,O00298,P0060,4,1010.27,15
I01491,O00958,P0145,1,177.11,20
I01492,O00023,P0100,3,570.57,5
I01493,O00447,P0186,4,538.58,0
I01494,O00357,P0059,3,655.73,0
I01495,O00225,P0150,5,685.37,0
I01496,O00867,P0010,3,185.69,0
I01497,O00093,P0182,1,817.35,10
I01498,O00052,P0065,3,208.62,0
I01499,O00146,P0112,2,521.12,0
I01500,O00171,P0134,1,70.59,10
I01501,O00671,P0190,5,48.78,5
I01502,O00917,P0043,2,739.7,0
I01503,O00069,P0198,2,675.9,20
I01504,O00474,P0142,2,425.8,0
I01505,O00252,P0003,2,901.3,10
I01506,O00833,P0006,1,652.49,0
I01507,O00050,P0121,2,648.16,10
I01508,O00855,P0095,3,314.21,5
I01509,O00180,P0182,2,576.5,10
I01510,O00773,P0011,4,384.63,0
I01511,O00472,P0136,4,311.77,15
I01512,O00414,P0135,5,46.83,10
I01513,O00592,P0184,4,1050.37,10
I01514,O00960,P0105,4,500.49,0
I01515,O00212,P0019,3,563.77,0
I01516,O00619,P0106,3,254.61,0
I01517,O00499,P0051,2,881.9,15
I01518,O00769,P0038,5,29.05,15
I01519,O00144,P0167,4,274.93,0
I01520,O00923,P0059,3,659.59,5
I01521,O00730,P0120,2,814.51,5
I01522,O00983,P0014,2,1145.24,0
I01523,O00303,P0096,4,238.63,15
I01524,O00894,P0111,3,602.74,10
I01525,O00565,P0123,4,290.48,0
I01526,O00199,P0080,2,515.32,0
I01527,O00150,P0191,3,278.67,10
I01528,O00224,P0162,1,637.89,0
I01529,O00818,P0157,5,526.71,0
I01530,O00053,P0133,4,959.13,5
I01531,O00782,P0132,5,318.2,10
I01532,O00519,P0018,2,227.36,5
I01533,O00339,P0170,3,495.6,20
I01534,O00937,P0051,4,778.18,0
I01535,O00043,P0012,2,418.37,10
I01536,O00199,P0107,2,563.65,10
I01537,O00262,P0054,-1,391.59,0
I01538,O00272,P0187,1,400.17,0
I01539,O00948,P0173,1,581.14,20
I01540,O00921,P0088,3,759.8,0
I01541,O00591,P0143,3,772.1,0
I01542,O00540,P0040,5,323.77,0
I01543,O00826,P0153,2,283.47,0
I01544,O00445,P0124,5,451.99,15
I01545,O00415,P0014,3,1085.24,0
I01546,O00110,P0038,2,30.58,0
I01547,O00476,P0040,5,320.58,5
I01548,O00761,P0103,3,785.83,0
I01549,O00167,P0160,1,1022.41,0
I01550,O00447,P0104,2,411.45,0
I01551,O00342,P0095,2,319.68,5
I01552,O00951,P0102,4,503.36,0
I01553,O00294,P0063,2,746.12,10
I01554,O00335,P0152,1,489.38,0
I01555,O00816,P0189,-5,580.74,0
I01556,O00957,P0179,1,152.82,0
I01557,O00034,P0035,3,320.83,20
I01558,O00717,P0092,1,385.39,0
I01559,O00339,P0026,5,619.32,0
I01560,O00630,P0001,2,869.77,5
I01561,O00844,P0126,5,43.29,20
I01562,O00539,P0019,3,339.12,5
I01563,O00621,P0067,5,409.6,10
I01564,O00230,P0177,4,178.25,15
I01565,O00167,P0178,4,255.59,10
I01566,O00314,P0076,4,452.91,0
I01567,O00814,P0080,2,641.99,0
I01568,O00721,P0040,1,338.95,0
I01569,O00152,P0028,2,559.91,0
I01570,O00290,P0198,3,696.93,15
I01571,O00494,P0112,5,747.4,0
I01572,O00960,P0182,4,838.99,0
I01573,O00161,P0101,1,455.0,20
I01574,O00874,P0065,4,210.2,5
I01575,O00803,P0182,4,561.0,0
I01576,O00764,P0182,3,999.37,20
I01577,O00581,P0180,2,175.89,5
I01578,O00096,P0125,3,279.9,0
I01579,O00246,P0132,3,352.62,15
I01580,O00185,P0107,1,649.08,15
I01581,O00352,P0158,1,614.52,20
I01582,O00845,P0129,2,317.2,15
I01583,O00879,P0189,3,624.71,10
I01584,O00605,P0157,2,572.4,15
I01585,O00820,P0011,5,533.99,10
I01586,O00774,P0117,3,491.75,10
I01587,O00643,P0017,4,516.68,10
I01588,O00586,P0060,5,614.6,0
I01589,O00308,P0167,2,374.75,10
I01590,O00261,P0102,5,428.63,0
I01591,O00975,P0116,1,536.22,0
I01592,O00822,P0071,5,168.88,0
I01593,O00514,P0188,3,402.46,15
I01594,O00053,P0128,2,730.52,10
I01595,O00295,P0200,2,668.6,5
I01596,O00575,P0186,5,839.98,0
I01597,O00702,P0110,2,295.51,0
I01598,O00102,P0034,3,706.02,0
I01599,O00688,P0066,4,467.95,0
I01600,O00371,P0025,3,649.38,10
I01601,O00709,P0141,1,1051.34,20
I01602,O00125,P0001,1,864.24,20
I01603,O00777,P0070,1,946.74,0
I01604,O00125,P0129,5,350.74,0
I01605,O00493,P0172,1,635.1,0
I01606,O00362,P0046,2,494.37,0
I01607,O00743,P0005,5,870.34,20
I01608,O00785,P0023,2,501.89,0
I01609,O00535,P0177,4,192.21,20
I01610,O00647,P0090,-4,278.56,5
I01611,O00107,P0132,4,218.74,0
I01612,O00636,P0164,5,806.2,0
I01613,O01000,P0191,4,419.74,5
I01614,O00397,P0083,2,186.59,0
I01615,O00464,P0049,-3,558.82,15
I01616,O00957,P0096,4,217.83,0
I01617,O00993,P0081,1,501.79,0
I01618,O00609,P0134,1,69.31,5
I01619,O00507,P0142,3,412.75,20
I01620,O00034,P0164,3,704.56,5
I01621,O00301,P0010,1,356.09,15
I01622,O00988,P0036,4,994.58,0
I01623,O00349,P0106,5,252.68,5
I01624,O00316,P0190,1,33.23,0
I01625,O00336,P0048,2,42.99,10
I01626,O00614,P0026,1,1168.95,20
I01627,O00342,P0082,2,551.86,10
I01628,O00820,P0021,3,704.26,20
I01629,O00564,P0194,1,550.16,10
I01630,O00958,P0148,5,517.35,10
I01631,O00674,P0077,4,107.96,0
I01632,O00320,P0108,3,74.3,0
I01633,O00141,P0018,5,113.57,5
I01634,O00044,P0121,4,815.09,0
I01635,O00163,P0152,2,480.47,0
I01636,O00190,P0167,1,365.9,0
I01637,O00482,P0056,2,92.41,20
I01638,O00885,P0175,4,471.51,10
I01639,O00897,P0070,2,794.04,0
I01640,O00061,P0111,4,526.18,10
I01641,O00300,P0089,5,155.11,10
I01642,O00295,P0069,1,601.77,0
I01643,O00664,P0155,1,331.11,0
I01644,O00765,P0065,5,167.88,15
I01645,O00595,P0031,2,106.95,0
I01646,O00237,P0064,1,324.97,0
I01647,O00989,P0056,1,126.69,15
I01648,O00216,P0184,1,838.21,0
I01649,O00212,P0115,1,165.67,0
I01650,O00421,P0097,3,206.62,0
I01651,O00879,P0163,4,471.46,20
I01652,O00682,P0170,4,869.58,5
I01653,O00051,P0065,-4,163.98,20
I01654,O00911,P0016,5,264.1,5
I01655,O00114,P0074,3,303.17,20
I01656,O00015,P0122,5,462.39,5
I01657,O00357,P0078,4,162.92,20
I01658,O00283,P0123,3,317.65,0
I01659,O00449,P0035,-2,314.12,5
I01660,O00225,P0142,2,408.82,15
I01661,O00380,P0134,1,54.63,15
I01662,O00529,P0080,1,543.96,0
I01663,O00248,P0073,2,115.63,15
I01664,O00954,P0143,5,855.27,10
I01665,O00944,P0047,5,243.32,0
I01666,O00336,P0197,5,93.08,0
I01667,O00002,P0124,1,611.58,15
I01668,O00783,P0109,3,473.52,15
I01669,O00412,P0172,5,738.83,0
I01670,O00099,P0098,2,817.22,0
I01671,O00047,P0087,2,556.18,5
I01672,O00234,P0111,1,760.73,0
I01673,O00579,P0036,1,583.62,5
I01674,O00548,P0190,5,47.76,0
I01675,O00227,P0189,3,438.23,0
I01676,O00012,P0151,3,427.34,5
I01677,O00915,P0054,2,553.2,0
I01678,O00825,P0065,5,253.08,20
I01679,O00247,P0012,3,548.12,15
I01680,O00776,P0179,4,287.43,0
I01681,O00815,P0106,1,198.67,10
I01682,O00235,P0148,4,686.58,0
I01683,O00772,P0116,2,376.47,0
I01684,O00643,P0147,-3,403.59,20
I01685,O00161,P0060,2,600.1,0
I01686,O00203,P0034,1,1024.5,0
I01687,O00634,P0035,2,258.32,20
I01688,O00902,P0195,4,66.51,0
I01689,O00854,P0041,1,344.13,0
I01690,O00546,P0045,4,351.42,20
I01691,O00162,P0055,4,479.2,0
I01692,O00717,P0043,5,793.56,15
I01693,O00544,P0152,5,911.85,5
I01694,O00162,P0153,5,280.85,5
I01695,O00436,P0045,4,409.55,0
I01696,O00621,P0055,1,520.0,0
I01697,O00385,P0198,1,833.99,0
I01698,O00816,P0178,1,229.86,15
I01699,O00547,P0029,4,449.63,10
I01700,O00730,P0189,1,619.16,10
I01701,O00897,P0060,2,982.03,10
I01702,O00879,P0156,1,534.29,10
I01703,O00086,P0087,1,451.93,0
I01704,O00563,P0035,1,270.55,20
I01705,O00859,P0053,2,1020.34,0
I01706,O00531,P0038,1,22.8,15
I01707,O00560,P0021,3,789.49,15
I01708,O00283,P0087,-1,650.78,20
I01709,O00681,P0177,-1,101.09,0
I01710,O00776,P0191,5,284.68,15
I01711,O00195,P0124,1,503.12,10
I01712,O00664,P0096,5,123.57,0
I01713,O00362,P0081,1,815.35,10
I01714,O00662,P0075,3,509.3,10
I01715,O00833,P0038,5,24.8,0
I01716,O00503,P0134,1,49.09,20
I01717,O00782,P0074,1,340.94,5
I01718,O00042,P0130,1,102.84,0
I01719,O00003,P0170,2,604.25,15
I01720,O00350,P0023,5,562.59,0
I01721,O00415,P0097,2,202.01,20
I01722,O00276,P0131,3,457.38,0
I01723,O00375,P0080,5,716.27,0
I01724,O00566,P0183,4,601.35,0
I01725,O00247,P0106,5,290.86,10
I01726,O00364,P0005,5,558.16,0
I01727,O00063,P0069,1,660.23,0
I01728,O00855,P0136,5,388.99,15
I01729,O00006,P0067,3,757.64,15
I01730,O00182,P0141,4,994.88,0
I01731,O00529,P0050,2,666.99,0
I01732,O00410,P0069,1,393.03,5
I01733,O00634,P0174,2,95.92,15
I01734,O00686,P0171,4,91.63,0
I01735,O00249,P0108,2,80.48,15
I01736,O00866,P0136,1,260.83,20
I01737,O00258,P0022,1,214.43,0
I01738,O00969,P0162,3,869.42,0
I01739,O00776,P0075,1,522.15,20
I01740,O00235,P0185,3,606.82,0
I01741,O00301,P0050,1,731.48,5
I01742,O00387,P0079,3,1025.77,10
I01743,O00590,P0136,1,358.69,15
I01744,O00112,P0095,5,326.98,20
I01745,O00283,P0085,2,462.4,20
I01746,O00714,P0016,3,209.3,15
I01747,O00655,P0015,3,708.88,0
I01748,O00214,P0196,2,524.62,0
I01749,O00602,P0081,1,625.5,0
I01750,O00827,P0037,1,35.12,10
I01751,O00466,P0135,1,53.82,10
I01752,O01000,P0051,1,1008.69,0
I01753,O00505,P0056,3,162.63,0
I01754,O00904,P0105,1,896.36,20
I01755,O00627,P0195,3,118.22,0
I01756,O00473,P0129,5,415.16,10
I01757,O00914,P0003,-2,603.8,0
I01758,O00831,P0008,3,342.67,0
I01759,O00563,P0033,5,505.23,0
I01760,O00705,P0097,4,179.47,0
I01761,O00843,P0153,4,453.77,10
I01762,O00697,P0055,5,796.79,0
I01763,O00908,P0015,5,606.44,0
I01764,O00892,P0135,5,44.37,10
I01765,O00300,P0058,5,894.96,20
I01766,O00028,P0151,4,305.01,20
I01767,O00741,P0041,5,479.52,0
I01768,O00076,P0062,3,287.69,0
I01769,O00095,P0066,3,437.21,10
I01770,O00418,P0192,3,520.62,20
I01771,O00812,P0087,4,516.51,20
I01772,O00762,P0012,1,389.18,0
I01773,O00437,P0200,1,675.19,20
I01774,O00057,P0134,3,60.06,10
I01775,O00091,P0196,-2,481.6,0
I01776,O00329,P0191,2,479.31,0
I01777,O00920,P0088,4,613.5,0
I01778,O00447,P0147,4,487.5,10
I01779,O00660,P0037,5,60.56,0
I01780,O00768,P0011,3,660.83,0
I01781,O00813,P0136,2,267.82,0
I01782,O00489,P0171,5,79.53,0
I01783,O00218,P0060,5,883.28,0
I01784,O00105,P0171,1,114.75,0
I01785,O00520,P0095,5,369.8,20
I01786,O00297,P0074,1,451.32,5
I01787,O00262,P0150,4,791.56,15
I01788,O00587,P0160,4,1017.39,10
I01789,O00828,P0097,3,265.11,15
I01790,O00620,P0195,4,62.54,10
I01791,O00303,P0038,3,25.47,15
I01792,O00975,P0146,3,675.95,0
I01793,O00022,P0198,3,692.39,20
I01794,O00999,P0050,2,473.99,20
I01795,O00800,P0058,2,1086.0,5
I01796,O00414,P0145,1,171.39,15
I01797,O00024,P0143,4,776.42,5
I01798,O00783,P0107,1,653.43,0
I01799,O00768,P0056,2,122.07,0
I01800,O00334,P0172,3,781.02,10
I01801,O00142,P0169,1,345.78,0
I01802,O00848,P0001,4,919.41,0
I01803,O00146,P0178,4,252.12,10
I01804,O00824,P0038,3,24.88,0
I01805,O00445,P0170,5,606.36,5
I01806,O00353,P0105,2,447.4,5
I01807,O00829,P0110,2,267.04,20
I01808,O00542,P0081,1,557.72,0
I01809,O00796,P0069,2,429.61,20
I01810,O00792,P0080,3,854.58,0
I01811,O00876,P0008,2,282.22,0
I01812,O00002,P0002,5,178.18,5
I01813,O00930,P0100,1,454.98,20
I01814,O00397,P0129,1,402.03,20
I01815,O00627,P0086,1,16.71,0
I01816,O00385,P0136,3,212.27,15
I01817,O00622,P0019,3,312.19,5
I01818,O00793,P0046,5,376.73,10
I01819,O00973,P0114,2,595.5,0
I01820,O00226,P0164,1,877.61,5
I01821,O00454,P0154,2,419.17,5
I01822,O00907,P0036,4,824.94,10
I01823,O00141,P0089,-1,193.96,5
I01824,O00743,P0161,4,385.61,0
I01825,O00579,P0180,1,158.54,0
I01826,O00024,P0102,5,441.12,0
I01827,O00204,P0052,1,218.77,0
I01828,O00367,P0184,2,795.17,5
I01829,O00112,P0120,1,815.07,0
I01830,O00870,P0043,1,739.84,0
I01831,O00389,P0029,4,284.89,10
I01832,O00686,P0082,4,540.71,0
I01833,O00386,P0032,4,149.0,15
I01834,O00559,P0076,5,328.36,0
I01835,O00886,P0149,2,1026.9,0
I01836,O00523,P0012,1,506.97,0
I01837,O00055,P0061,3,736.87,5
I01838,O00482,P0137,2,899.38,15
I01839,O00810,P0128,2,921.57,0
I01840,O00015,P0042,4,331.32,10
I01841,O00550,P0047,2,311.01,5
I01842,O00176,P0147,4,617.7,15
I01843,O00622,P0113,4,195.57,0
I01844,O00896,P0139,1,652.48,0
I01845,O00557,P0175,4,483.64,0
I01846,O00587,P0193,1,431.12,15
I01847,O00603,P0140,4,226.17,0
I01848,O00465,P0123,4,523.0,5
I01849,O00242,P0104,2,548.63,0
I01850,O00374,P0196,-5,319.49,15
I01851,O00861,P0044,3,407.57,0
I01852,O00089,P0101,3,439.05,0
I01853,O00553,P0115,3,122.78,0
I01854,O00751,P0019,2,318.08,10
I01855,O00143,P0084,4,354.86,0
I01856,O00571,P0152,3,553.71,10
I01857,O00624,P0139,5,659.85,0
I01858,O00130,P0010,1,358.46,15
I01859,O00748,P0059,5,634.5,15
I01860,O00613,P0184,5,1186.75,15
I01861,O00134,P0077,3,114.01,10
I01862,O00525,P0142,1,477.59,5
I01863,O00642,P0140,1,276.07,5
I01864,O00094,P0092,2,727.28,5
I01865,O00459,P0100,5,740.4,15
I01866,O00192,P0007,4,491.3,20
I01867,O00080,P0158,4,847.91,10
I01868,O00505,P0099,5,549.9,5
I01869,O00518,P0128,2,882.41,0
I01870,O00328,P0133,4,1093.56,0
I01871,O00810,P0165,5,504.53,15
I01872,O00191,P0175,2,656.08,15
I01873,O00276,P0008,3,338.03,5
I01874,O00391,P0187,4,522.84,0
I01875,O00690,P0032,5,164.17,15
I01876,O00351,P0096,2,241.86,5
I01877,O00472,P0152,2,610.02,20
I01878,O00627,P0076,2,525.85,0
I01879,O00700,P0137,3,842.56,20
I01880,O00888,P0057,2,476.63,10
I01881,O00957,P0027,2,600.45,15
I01882,O00697,P0084,3,347.98,5
I01883,O00183,P0088,5,469.04,10
I01884,O00227,P0178,5,305.28,15
I01885,O00379,P0027,5,522.08,15
I01886,O00401,P0095,4,327.03,5
I01887,O00973,P0144,5,733.89,5
I01888,O00792,P0175,3,582.7,0
I01889,O00314,P0161,5,364.98,0
I01890,O00949,P0029,5,345.32,0
I01891,O00204,P0134,3,68.81,0
I01892,O00813,P0010,3,216.71,0
I01893,O00091,P0084,1,264.31,0
I01894,O00208,P0028,2,673.09,0
I01895,O00838,P0108,5,63.6,20
I01896,O00437,P0115,1,86.83,10
I01897,O00273,P0039,1,518.04,20
I01898,O00812,P0023,3,516.69,5
I01899,O00631,P0136,1,342.61,10
I01900,O00485,P0144,2,991.99,0
I01901,O00279,P0093,5,493.35,20
I01902,O00786,P0090,2,301.7,10
I01903,O00829,P0199,1,830.79,20
I01904,O00792,P0150,4,689.13,0
I01905,O00306,P0043,3,694.89,15
I01906,O00915,P0172,3,822.07,5
I01907,O00988,P0094,3,356.51,20
I01908,O00629,P0074,2,338.3,10
I01909,O00933,P0031,4,193.37,0
I01910,O00140,P0002,1,141.65,0
I01911,O00382,P0164,2,480.51,0
I01912,O00135,P0165,1,940.74,20
I01913,O00325,P0018,3,154.72,0
I01914,O00535,P0053,4,930.23,0
I01915,O00699,P0026,3,1092.87,10
I01916,O00632,P0099,5,704.3,5
I01917,O00148,P0128,2,674.87,15
I01918,O00808,P0113,3,171.15,0
I01919,O00765,P0002,5,250.45,15
I01920,O00172,P0095,1,328.59,20
I01921,O00834,P0045,1,565.52,0
I01922,O00857,P0017,5,297.46,20
I01923,O00661,P0002,5,133.33,5
I01924,O00757,P0003,5,623.03,0
I01925,O00502,P0041,5,435.88,0
I01926,O00546,P0043,4,699.0,0
I01927,O00682,P0117,2,952.64,5
I01928,O00476,P0083,3,152.0,0
I01929,O00496,P0035,5,373.59,0
I01930,O00146,P0159,4,590.06,15
I01931,O00568,P0062,4,222.75,20
I01932,O00187,P0184,1,983.76,0
I01933,O00065,P0118,2,532.61,15
I01934,O00746,P0056,5,159.85,20
I01935,O00949,P0008,2,217.13,10
I01936,O00932,P0158,4,1079.13,0
I01937,O00751,P0110,5,157.81,0
I01938,O00242,P0142,2,720.27,0
I01939,O00669,P0094,2,356.88,20
I01940,O00916,P0139,5,686.23,0
I01941,O00428,P0032,4,248.0,5
I01942,O00225,P0042,3,213.34,0
I01943,O00585,P0086,3,25.83,20
I01944,O00511,P0157,1,465.14,5
I01945,O00619,P0150,2,704.28,5
I01946,O00072,P0042,2,289.84,10
I01947,O00480,P0195,4,101.38,0
I01948,O00503,P0182,3,563.85,10
I01949,O00969,P0133,2,542.52,15
I01950,O00771,P0026,3,813.22,20
I01951,O00744,P0014,2,604.51,0
I01952,O00272,P0195,5,107.07,15
I01953,O00907,P0120,5,1049.7,5
I01954,O00358,P0176,3,183.81,0
I01955,O00190,P0061,4,775.62,20
I01956,O00858,P0193,1,342.57,0
I01957,O00310,P0061,1,729.59,20
I01958,O00814,P0147,4,357.96,20
I01959,O00893,P0042,5,332.1,20
I01960,O00096,P0006,5,540.35,15
I01961,O00965,P0151,1,277.11,0
I01962,O00490,P0071,5,101.16,10
I01963,O00844,P0051,5,868.95,5
I01964,O00085,P0054,4,366.19,0
I01965,O00149,P0102,2,615.57,0
I01966,O00213,P0041,4,419.2,20
I01967,O00677,P0036,5,876.67,15
I01968,O00092,P0030,4,511.29,0
I01969,O00043,P0031,1,138.77,15
I01970,O00352,P0170,5,781.71,0
I01971,O00203,P0160,2,578.08,10
I01972,O00198,P0111,2,688.29,15
I01973,O00184,P0117,3,888.25,0
I01974,O00154,P0196,2,306.56,0
I01975,O00024,P0143,5,528.28,0
I01976,O00881,P0003,3,1016.34,0
I01977,O00611,P0074,1,485.86,10
I01978,O00199,P0180,3,154.09,20
I01979,O00810,P0017,1,482.18,0
I01980,O00733,P0171,3,78.91,15
I01981,O00598,P0128,1,577.5,5
I01982,O00122,P0037,4,64.14,10
I01983,O00335,P0139,3,620.98,0
I01984,O00218,P0007,1,742.78,20
I01985,O00160,P0007,4,760.04,5
I01986,O00127,P0093,4,392.64,5
I01987,O00285,P0016,5,214.52,15
I01988,O00739,P0022,5,116.17,0
I01989,O00134,P0033,5,430.23,0
I01990,O00351,P0082,2,644.36,15
I01991,O00647,P0165,-3,521.86,0
I01992,O00128,P0005,4,947.03,10
I01993,O00937,P0197,3,93.32,20
I01994,O00316,P0160,4,911.11,20
I01995,O00357,P0096,2,243.36,0
I01996,O00492,P0028,3,723.02,0
I01997,O00114,P0012,1,644.03,10
I01998,O00126,P0010,4,282.43,0
I01999,O00461,P0103,1,907.93,5
I02000,O00529,P0011,5,370.65,15
I02001,O00687,P0094,2,315.9,20
I02002,O00738,P0028,1,723.92,0
I02003,O00521,P0011,1,424.8,5
I02004,O00730,P0059,1,812.21,0
I02005,O00370,P0136,4,258.85,20
I02006,O00411,P0045,2,322.89,10
I02007,O00446,P0047,5,420.08,5
I02008,O00437,P0181,3,575.65,0
I02009,O00124,P0144,-2,1134.81,20
I02010,O00894,P0199,4,477.46,20
I02011,O00942,P0113,4,198.09,5
I02012,O00843,P0039,5,423.83,0
I02013,O00851,P0036,4,487.4,0
I02014,O00273,P0104,1,379.57,0
I02015,O00642,P0151,-1,468.84,0
I02016,O00458,P0151,4,285.8,0
I02017,O00039,P0006,3,747.5,10
I02018,O00787,P0142,5,665.08,20
I02019,O00725,P0162,5,430.76,0
I02020,O00684,P0182,2,512.86,10
I02021,O00624,P0129,5,308.39,20
I02022,O00613,P0128,4,855.47,10
I02023,O00505,P0164,1,541.26,10
I02024,O00450,P0176,4,150.85,10
I02025,O00768,P0075,4,883.94,0
I02026,O00222,P0125,1,367.92,10
I02027,O00273,P0064,2,340.77,5
I02028,O00188,P0054,5,574.09,10
I02029,O00297,P0150,1,904.43,5
I02030,O00827,P0004,3,128.57,5
I02031,O00869,P0170,2,645.77,10
I02032,O00472,P0139,1,372.85,0
I02033,O00862,P0041,1,488.59,15
I02034,O00643,P0067,5,750.23,20
I02035,O00086,P0061,5,627.52,10
I02036,O00517,P0200,2,658.41,0
I02037,O01000,P0114,5,872.86,10
I02038,O00988,P0075,5,448.72,20
I02039,O00872,P0019,4,580.44,0
I02040,O00548,P0036,1,711.06,0
I02041,O00535,P0132,2,287.85,5
I02042,O00996,P0130,1,155.47,0
I02043,O00832,P0007,1,550.31,0
I02044,O00485,P0171,2,132.5,5
I02045,O00577,P0022,4,124.67,15
I02046,O00685,P0022,5,222.91,15
I02047,O00837,P0152,2,728.04,5
I02048,O00574,P0130,4,159.67,15
I02049,O00953,P0123,1,348.93,10
I02050,O00364,P0059,3,855.12,0
I02051,O00810,P0149,3,775.82,5
I02052,O00922,P0142,2,558.31,15
I02053,O00916,P0177,2,126.16,5
I02054,O00363,P0028,4,785.31,20
I02055,O00825,P0169,4,217.17,15
I02056,O00047,P0155,3,438.15,5
I02057,O00393,P0140,3,317.06,5
I02058,O00027,P0069,3,396.79,5
I02059,O00012,P0040,1,293.68,0
I02060,O00956,P0092,2,699.41,5
I02061,O00282,P0139,1,525.19,10
I02062,O00984,P0200,5,478.55,15
I02063,O00514,P0059,4,496.17,0
I02064,O00405,P0123,5,401.12,10
I02065,O00070,P0109,-1,317.59,0
I02066,O00220,P0029,2,314.28,20
I02067,O00615,P0164,2,790.28,0
I02068,O00239,P0055,4,844.34,0
I02069,O00192,P0064,3,251.6,10
I02070,O00097,P0103,1,1178.64,0
I02071,O00929,P0072,4,327.44,0
I02072,O00632,P0025,1,946.29,15
I02073,O00297,P0071,-5,121.42,20
I02074,O00065,P0121,4,1012.38,15
I02075,O00067,P0198,3,704.01,10
I02076,O00772,P0140,5,249.76,15
I02077,O00003,P0103,5,687.05,0
I02078,O00082,P0114,5,1083.4,0
I02079,O00807,P0058,5,707.95,5
I02080,O00642,P0097,5,203.41,15
I02081,O00552,P0159,2,733.1,10
I02082,O00406,P0179,4,203.94,10
I02083,O00391,P0146,1,567.86,10
I02084,O00268,P0081,1,490.66,10
I02085,O00139,P0185,2,406.19,15
I02086,O00800,P0123,2,474.94,5
I02087,O00911,P0178,1,198.09,0
I02088,O00433,P0175,2,891.66,10
I02089,O00771,P0198,4,524.3,0
I02090,O00255,P0106,2,200.88,10
I02091,O00267,P0084,1,275.35,0
I02092,O00051,P0007,5,502.06,0
I02093,O00306,P0136,3,233.19,0
I02094,O00943,P0097,3,258.34,15
I02095,O00883,P0143,4,705.53,0
I02096,O00335,P0112,1,788.47,0
I02097,O00323,P0109,4,526.88,0
I02098,O00551,P0008,3,340.53,0
I02099,O00197,P0130,1,143.35,0
I02100,O00878,P0095,4,407.98,20
I02101,O00134,P0163,4,465.3,0
I02102,O00056,P0028,3,797.11,0
I02103,O00235,P0014,-4,681.65,0
I02104,O00122,P0045,2,642.59,20
I02105,O00463,P0110,4,255.58,5
I02106,O00319,P0103,3,987.84,5
I02107,O00029,P0027,3,827.9,0
I02108,O00095,P0096,5,226.37,0
I02109,O00547,P0133,1,529.99,10
I02110,O00016,P0028,5,994.64,5
I02111,O00729,P0127,2,50.67,0
I02112,O00178,P0148,3,579.62,20
I02113,O00919,P0004,3,161.76,15
I02114,O00419,P0068,4,379.85,15
I02115,O00114,P0043,5,569.33,15
I02116,O00778,P0123,4,371.96,10
I02117,O00748,P0099,5,356.59,10
I02118,O00359,P0163,3,691.19,0
I02119,O00318,P0033,5,442.44,0
I02120,O00516,P0084,3,363.73,0
I02121,O00049,P0009,4,63.87,15
I02122,O00377,P0074,3,458.24,20
I02123,O00202,P0020,2,212.05,15
I02124,O00459,P0074,5,465.29,15
I02125,O00504,P0175,1,697.76,20
I02126,O00408,P0196,3,469.67,15
I02127,O00761,P0043,1,540.43,20
I02128,O00569,P0138,2,348.58,5
I02129,O00363,P0183,-5,606.12,20
I02130,O00069,P0156,2,802.77,0
I02131,O00337,P0183,1,806.86,20
I02132,O00236,P0084,5,370.67,0
I02133,O00640,P0059,2,844.07,0
I02134,O00037,P0180,1,134.71,15
I02135,O00894,P0102,5,449.98,0
I02136,O00863,P0109,2,377.1,0
I02137,O00939,P0172,3,588.25,0
I02138,O00846,P0137,5,886.58,15
I02139,O00068,P0122,2,642.53,20
I02140,O00566,P0028,-3,607.73,10
I02141,O00127,P0038,5,24.34,0
I02142,O00896,P0138,5,298.22,5
I02143,O00601,P0136,2,382.55,20
I02144,O00708,P0154,3,599.9,15
I02145,O00137,P0123,4,470.26,0
I02146,O00386,P0060,1,957.28,10
I02147,O00554,P0192,3,367.99,0
I02148,O00927,P0053,2,953.42,0
I02149,O00534,P0061,1,450.93,0
I02150,O00662,P0169,1,258.49,20
I02151,O00161,P0146,2,654.04,10
I02152,O00947,P0013,5,607.98,0
I02153,O00150,P0032,1,140.12,0
I02154,O00180,P0001,-5,664.79,5
I02155,O00389,P0030,1,712.01,15
I02156,O00612,P0172,4,813.13,0
I02157,O00012,P0141,3,613.65,5
I02158,O00816,P0024,2,930.21,0
I02159,O00951,P0082,1,556.72,20
I02160,O00049,P0124,5,577.93,0
I02161,O00323,P0080,5,683.76,15
I02162,O00810,P0026,2,1020.32,0
I02163,O00469,P0193,2,282.13,20
I02164,O00836,P0072,5,399.37,20
I02165,O00077,P0085,-1,452.48,15
I02166,O00400,P0109,1,293.7,15
I02167,O00403,P0095,1,370.12,15
I02168,O00861,P0058,1,1106.12,10
I02169,O00332,P0026,5,734.21,10
I02170,O00481,P0011,1,468.67,10
I02171,O00779,P0050,5,517.17,10
I02172,O00145,P0097,5,224.94,5
I02173,O00164,P0100,1,634.89,10
I02174,O00444,P0143,5,517.21,10
I02175,O00699,P0170,5,462.48,0
I02176,O00380,P0152,3,658.07,0
I02177,O00584,P0117,1,844.65,0
I02178,O00130,P0006,2,671.22,15
I02179,O00783,P0092,5,600.13,20
I02180,O00894,P0048,3,44.06,10
I02181,O00876,P0002,5,169.56,0
I02182,O00964,P0019,3,402.04,0
I02183,O00995,P0031,4,122.99,0
I02184,O00688,P0192,3,438.39,0
I02185,O00803,P0020,5,210.18,0
I02186,O00624,P0183,2,837.13,0
I02187,O00167,P0037,4,43.4,10
I02188,O00077,P0116,3,651.54,0
I02189,O00273,P0034,5,820.82,0
I02190,O00382,P0125,1,324.53,20
I02191,O00518,P0033,-5,291.15,20
I02192,O00891,P0094,1,340.4,0
I02193,O00961,P0188,4,271.79,15
I02194,O00921,P0088,1,592.2,0
I02195,O00848,P0035,4,383.55,10
I02196,O00167,P0144,3,547.76,0
I02197,O00498,P0134,5,50.56,15
I02198,O00269,P0184,1,664.41,5
I02199,O00075,P0100,5,808.26,20
I02200,O00791,P0096,-1,127.88,0
I02201,O00966,P0144,1,598.76,10
I02202,O00381,P0001,4,918.71,0
I02203,O00836,P0169,2,265.47,15
I02204,O00902,P0012,2,700.09,20
I02205,O00813,P0113,5,115.75,0
I02206,O00034,P0119,4,362.96,15
I02207,O00016,P0002,3,240.12,20
I02208,O00670,P0023,5,802.12,10
I02209,O00729,P0084,2,366.65,0
I02210,O00817,P0146,4,688.56,10
I02211,O00219,P0106,5,231.73,5
I02212,O00785,P0030,1,936.62,20
I02213,O00739,P0132,4,216.78,0
I02214,O00831,P0138,1,191.74,0
I02215,O00047,P0040,5,356.06,5
I02216,O00228,P0176,4,209.81,0
I02217,O00995,P0187,3,507.01,20
I02218,O00248,P0087,2,513.46,0
I02219,O00416,P0070,4,539.56,5
I02220,O00459,P0050,2,879.03,0
I02221,O00913,P0077,5,72.06,0
I02222,O00991,P0046,2,439.6,20
I02223,O00930,P0162,3,618.14,0
I02224,O00554,P0013,1,450.45,5
I02225,O00950,P0071,4,116.32,10
I02226,O00344,P0091,4,112.53,10
I02227,O00188,P0187,5,335.33,0
I02228,O00924,P0197,1,98.18,15
I02229,O00317,P0188,-5,243.76,0
I02230,O00103,P0022,4,209.13,5
I02231,O00098,P0154,1,455.12,20
I02232,O00303,P0181,4,396.3,15
I02233,O00182,P0044,4,534.38,0
I02234,O00942,P0060,3,869.75,0
I02235,O00699,P0046,1,535.29,0
I02236,O00449,P0081,5,607.76,0
I02237,O00011,P0041,1,315.07,0
I02238,O00346,P0055,2,849.94,0
I02239,O00990,P0168,5,453.58,15
I02240,O00912,P0159,4,544.91,20
I02241,O00505,P0026,2,1088.81,5
I02242,O00610,P0141,3,899.91,10
I02243,O00691,P0094,2,331.26,20
I02244,O00068,P0013,-4,398.56,15
I02245,O00637,P0056,1,95.28,10
I02246,O00122,P0001,2,945.0,0
I02247,O00439,P0012,3,369.68,10
I02248,O00308,P0161,1,392.36,15
I02249,O00345,P0158,2,1125.94,0
I02250,O00355,P0195,3,99.36,0
I02251,O00151,P0012,1,358.01,5
I02252,O00987,P0125,5,244.6,0
I02253,O00408,P0147,5,355.2,10
I02254,O00397,P0184,3,606.6,15
I02255,O00917,P0062,5,271.58,15
I02256,O00129,P0184,2,994.29,10
I02257,O00869,P0074,3,491.89,0
I02258,O00003,P0101,4,787.3,20
I02259,O00161,P0086,2,18.65,0
I02260,O00849,P0003,2,1018.14,0
I02261,O00262,P0034,2,781.56,5
I02262,O00551,P0066,1,643.83,15
I02263,O00970,P0147,2,413.1,0
I02264,O00316,P0085,1,312.42,20
I02265,O00033,P0147,4,637.43,0
I02266,O00365,P0063,-5,876.29,5
I02267,O00523,P0065,2,274.3,0
I02268,O00091,P0099,2,630.67,10
I02269,O00950,P0002,3,246.9,5
I02270,O00343,P0194,5,469.26,10
I02271,O00462,P0083,2,103.45,10
I02272,O00755,P0152,3,521.33,0
I02273,O00237,P0062,2,392.58,15
I02274,O00145,P0118,5,432.65,0
I02275,O00474,P0119,5,251.07,5
I02276,O00118,P0024,2,586.85,20
I02277,O00564,P0002,4,213.12,0
I02278,O00102,P0166,2,214.49,10
I02279,O00805,P0032,4,245.86,15
I02280,O00375,P0145,1,218.39,10
I02281,O00448,P0055,3,684.44,0
I02282,O00748,P0151,5,456.43,15
I02283,O00997,P0121,1,725.94,10
I02284,O00046,P0182,3,977.64,5
I02285,O00548,P0196,5,533.47,0
I02286,O00561,P0097,2,216.46,10
I02287,O00492,P0045,3,427.44,0
I02288,O00888,P0014,5,667.71,15
I02289,O00773,P0123,1,322.69,0
I02290,O00630,P0076,2,357.43,0
I02291,O00061,P0065,3,213.8,0
I02292,O00671,P0055,5,776.2,0
I02293,O00432,P0093,2,552.67,15
I02294,O00130,P0189,1,451.43,15
I02295,O00213,P0013,2,375.9,0
I02296,O00134,P0184,3,1112.38,0
I02297,O00713,P0027,2,489.22,20
I02298,O00778,P0034,4,813.62,0
I02299,O00417,P0065,1,243.35,20
I02300,O00059,P0089,5,134.1,20
I02301,O00451,P0117,4,954.33,0
I02302,O00626,P0138,1,321.4,15
I02303,O00166,P0154,1,594.96,5
I02304,O00886,P0156,2,690.52,10
I02305,O00224,P0031,1,120.24,20
I02306,O00989,P0190,3,34.66,5
I02307,O00402,P0042,1,314.4,0
I02308,O00962,P0031,1,144.3,0
I02309,O00416,P0143,4,876.35,5
I02310,O00472,P0193,1,397.73,15
I02311,O00404,P0040,5,387.52,0
I02312,O00371,P0016,3,370.81,20
I02313,O00261,P0077,4,121.69,5
I02314,O00202,P0176,2,189.58,10
I02315,O00427,P0089,-5,151.09,5
I02316,O00195,P0034,4,683.82,20
I02317,O00121,P0023,2,553.5,20
I02318,O00421,P0171,3,139.91,10
I02319,O00713,P0083,2,104.86,10
I02320,O00871,P0132,1,280.66,5
I02321,O00972,P0153,5,251.87,10
I02322,O00953,P0105,2,785.78,20
I02323,O00729,P0022,5,197.31,0
I02324,O00226,P0052,2,212.9,15
I02325,O00989,P0073,2,124.66,15
I02326,O00059,P0094,2,243.54,0
I02327,O00973,P0009,2,54.27,15
I02328,O00855,P0094,5,296.47,0
I02329,O00383,P0185,4,704.02,5
I02330,O00939,P0177,3,142.83,20
I02331,O00465,P0103,3,1057.59,15
I02332,O00344,P0052,2,159.89,10
I02333,O00484,P0070,5,953.48,5
I02334,O00986,P0017,3,292.79,0
I02335,O00352,P0074,5,446.66,0
I02336,O00587,P0086,5,31.67,0
I02337,O00521,P0023,2,790.48,10
I02338,O00147,P0083,3,153.4,5
I02339,O00310,P0115,2,86.6,20
I02340,O00283,P0035,5,382.63,0
I02341,O00186,P0099,3,358.26,15
I02342,O00977,P0068,5,425.19,20
I02343,O00919,P0041,1,384.89,0
I02344,O00908,P0080,1,759.01,5
I02345,O00226,P0169,2,201.94,15
I02346,O00926,P0005,-1,714.81,10
I02347,O00842,P0092,2,741.97,0
I02348,O00378,P0187,1,644.4,10
I02349,O00288,P0082,3,639.9,15
I02350,O00287,P0190,4,63.45,10
I02351,O00817,P0118,4,378.87,5
I02352,O00199,P0165,1,881.85,5
I02353,O00816,P0088,2,490.77,5
I02354,O00474,P0116,4,524.45,0
I02355,O00417,P0049,1,614.9,0
I02356,O00662,P0012,3,650.78,20
I02357,O00450,P0138,3,249.73,10
I02358,O00675,P0012,2,526.7,15
I02359,O00183,P0187,3,388.69,5
I02360,O00679,P0050,1,701.87,0
I02361,O00991,P0147,1,612.22,0
I02362,O00782,P0102,1,527.27,0
I02363,O00931,P0009,2,70.57,0
I02364,O00360,P0182,4,583.9,15
I02365,O00028,P0154,5,704.56,20
I02366,O00497,P0064,3,382.05,0
I02367,O00848,P0169,2,210.62,0
I02368,O00656,P0178,4,229.29,10
I02369,O00195,P0134,2,42.27,0
I02370,O00874,P0122,2,797.62,0
I02371,O00133,P0059,1,669.18,0
I02372,O00481,P0102,1,548.41,5
I02373,O00047,P0131,5,502.77,0
I02374,O00783,P0130,2,138.67,0
I02375,O00015,P0126,4,36.46,15
I02376,O00866,P0142,5,633.61,15
I02377,O00985,P0047,4,417.41,20
I02378,O00646,P0112,3,659.09,0
I02379,O00799,P0104,3,420.18,0
I02380,O00135,P0038,2,32.3,0
I02381,O00146,P0042,5,171.37,0
I02382,O00773,P0156,2,582.28,15
I02383,O00879,P0190,2,38.57,0
I02384,O00415,P0015,5,1168.94,0
I02385,O00217,P0096,4,151.75,15
I02386,O00810,P0185,2,409.53,15
I02387,O00118,P0137,4,790.48,5
I02388,O00283,P0027,1,714.49,0
I02389,O00235,P0144,1,930.28,0
I02390,O00153,P0004,1,135.02,5
I02391,O00179,P0103,5,1097.97,15
I02392,O00409,P0059,4,739.16,5
I02393,O00065,P0081,4,459.52,0
I02394,O00258,P0146,2,844.64,15
I02395,O00069,P0095,3,225.67,10
I02396,O00785,P0173,4,435.97,10
I02397,O00956,P0172,4,752.34,0
I02398,O00606,P0083,4,131.09,0
I02399,O00062,P0123,2,275.94,0
I02400,O00446,P0041,1,486.06,15
I02401,O00509,P0025,1,565.18,0
I02402,O00964,P0052,4,215.09,10
I02403,O00414,P0119,4,318.05,10
I02404,O00978,P0134,1,49.75,5
I02405,O00915,P0124,5,704.84,0
I02406,O00136,P0113,1,151.18,0
I02407,O00713,P0148,5,654.89,15
I02408,O00558,P0108,2,116.15,15
I02409,O00586,P0179,2,171.52,0
I02410,O00646,P0198,3,515.59,10
I02411,O00689,P0186,3,587.63,0
I02412,O00149,P0012,5,371.49,20
I02413,O00025,P0199,4,528.63,0
I02414,O00577,P0164,3,676.98,15
I02415,O00052,P0001,5,704.57,0
I02416,O00317,P0140,4,242.14,0
I02417,O00587,P0115,3,167.15,0
I02418,O00430,P0052,3,158.72,0
I02419,O00264,P0085,4,388.67,0
I02420,O00716,P0057,1,490.48,5
I02421,O00999,P0070,5,622.31,5
I02422,O00452,P0021,5,897.41,0
I02423,O00583,P0179,3,186.48,15
I02424,O00380,P0152,1,526.95,0
I02425,O00113,P0042,4,243.68,0
I02426,O00437,P0077,1,114.47,10
I02427,O00297,P0135,5,64.68,20
I02428,O00344,P0157,3,563.55,5
I02429,O00254,P0077,3,115.85,0
I02430,O00764,P0057,3,554.29,20
I02431,O00919,P0079,4,857.1,10
I02432,O00604,P0063,2,1041.01,20
I02433,O00265,P0071,3,104.2,0
I02434,O00899,P0105,5,802.33,20
I02435,O00674,P0180,2,107.52,10
I02436,O00337,P0129,5,415.83,15
I02437,O00958,P0056,5,132.44,10
I02438,O00597,P0070,2,575.84,0
I02439,O00916,P0195,2,60.78,0
I02440,O00118,P0123,4,366.42,20
I02441,O00532,P0090,4,210.03,5
I02442,O00820,P0150,2,452.69,0
I02443,O00044,P0078,4,256.75,5
I02444,O00952,P0017,5,319.84,0
I02445,O00843,P0008,3,207.35,20
I02446,O00118,P0053,4,790.43,5
I02447,O00886,P0092,5,525.85,0
I02448,O00597,P0087,4,721.01,10
I02449,O00963,P0111,1,870.61,10
I02450,O00224,P0018,3,180.76,0
I02451,O00266,P0179,4,189.02,0
I02452,O00229,P0139,1,666.09,0
I02453,O00912,P0047,4,283.82,15
I02454,O00759,P0035,2,223.92,5
I02455,O00300,P0047,2,414.73,0
I02456,O00309,P0060,5,718.0,15
I02457,O00710,P0173,4,622.01,10
I02458,O00852,P0008,3,329.0,0
I02459,O00583,P0072,5,577.26,0
I02460,O00908,P0168,4,522.05,0
I02461,O00066,P0120,1,719.8,20
I02462,O00327,P0015,5,1047.56,20
I02463,O00376,P0013,5,504.42,0
I02464,O00433,P0101,4,783.95,15
I02465,O00894,P0193,2,341.65,0
I02466,O00533,P0040,2,209.19,0
I02467,O00138,P0085,1,379.1,0
I02468,O00236,P0006,3,659.67,5
I02469,O00070,P0188,4,405.88,0
I02470,O00956,P0003,4,568.21,5
I02471,O00625,P0157,3,494.08,15
I02472,O00059,P0045,3,386.19,0
I02473,O00965,P0045,5,503.89,0
I02474,O00836,P0125,1,297.83,15
I02475,O00940,P0034,5,788.11,0
I02476,O00970,P0149,1,582.6,15
I02477,O00167,P0042,2,221.65,0
I02478,O00060,P0113,4,201.0,0
I02479,O00677,P0140,1,299.34,5
I02480,O00658,P0163,3,645.69,5
I02481,O00109,P0160,5,1119.19,0
I02482,O00948,P0068,3,594.13,0
I02483,O00550,P0113,4,169.6,0
I02484,O00518,P0017,3,424.55,20
I02485,O00979,P0150,3,616.72,20
I02486,O00547,P0073,5,113.36,0
I02487,O00970,P0064,2,277.92,20
I02488,O00964,P0020,1,207.29,0
I02489,O00049,P0031,5,97.78,15
I02490,O00355,P0177,5,97.71,0
I02491,O00466,P0013,4,399.71,0
I02492,O00818,P0162,5,499.61,0
I02493,O00602,P0159,3,497.76,0
I02494,O00753,P0196,1,328.18,0
I02495,O00928,P0127,3,53.11,10
I02496,O00466,P0047,3,467.56,0
I02497,O00148,P0029,4,393.14,15
I02498,O00831,P0067,4,712.57,0
I02499,O00931,P0050,1,742.37,20
I02500,O00201,P0052,3,144.07,20
