customer_id,customer_name,email,registration_date,customer_type
C0001,Allison Hill,donaldgarcia@example.net,2026-06-05 03:08:38,REGULAR
C0002,Leslie Johnson,robinsonwilliam@example.org,2025-09-21 02:04:39,REGULAR
C0003,Matthew Gardner,shaneramirez@example.org,2026-02-21 12:54:21,REGULAR
C0004,Melissa Peterson,jasongallagher@example.org,2024-09-22 04:37:09,REGULAR
C0005,Ian Cooper,lindsay78@example.org,2026-06-28 12:32:35,REGULAR
C0006,Juan Calderon,barbara10@example.net,2025-01-05 04:02:35,REGULAR
C0007,Victoria Wyatt,jamesshawn@example.com,2024-11-15 11:48:12,REGULAR
C0008,Daniel Adams,lynchgeorge@example.net,2025-01-18 07:19:04,REGULAR
C0009,James Mayo,gabriellecameron@example.org,2025-01-06 01:28:36,REGULAR
C0010,Renee Morales,clarksherri@example.net,2025-03-13 13:43:56,REGULAR
C0011,Jonathan Wilkerson,ithomas@example.org,2026-02-10 19:18:45,REGULAR
C0012,Deborah Richards,icox@example.net,2025-07-30 11:30:48,REGULAR
C0013,Anthony Rodriguez,laurahenderson@example.org,2025-05-07 00:17:38,REGULAR
C0014,Zachary Rice,frazierdanny@example.net,2026-02-15 09:05:17,REGULAR
C0015,Martin Rodriguez,amoore@example.net,2026-05-23 10:47:36,REGULAR
C0016,Valerie Gill,harrellkenneth@example.net,2025-08-10 11:14:00,PREMIUM
C0017,Brittany Farmer,georgetracy@example.org,2026-07-03 19:21:53,VIP
C0018,William Roman,brianhumphrey@example.org,2024-09-16 16:24:26,REGULAR
C0019,Rose Spence,davidalvarez@example.net,2024-11-17 09:54:03,REGULAR
C0020,Shane Henderson,sarahcampos@example.net,2024-12-15 09:26:20,REGULAR
C0021,Jennifer Powers,samuel87@example.org,2025-01-20 17:00:25,REGULAR
C0022,George Chapman,briannasmith@example.net,2025-11-14 08:19:23,REGULAR
C0023,Austin Johnson,chad34@example.net,2025-07-24 04:29:36,REGULAR
C0024,Carlos Walls,esanchez@example.com,2024-12-07 01:12:34,REGULAR
C0025,Matthew Gomez,uowens@example.org,2025-12-17 04:08:10,REGULAR
C0026,Maria Brown,lauren13@example.org,2024-12-06 21:27:44,REGULAR
C0027,Brenda White,ewright@example.com,2026-03-31 18:20:15,VIP
C0028,Krista Williams,novaksara@example.org,2024-11-18 07:58:30,REGULAR
C0029,John Hancock,martinaaron@example.com,2025-02-03 03:27:16,PREMIUM
C0030,Rachel Mitchell,smoore@example.org,2024-08-26 13:55:08,REGULAR
C0031,Kimberly Adkins,williamsthomas@example.net,2024-11-11 10:28:12,REGULAR
C0032,Jordan York,larsonemma@example.org,2025-05-21 18:37:59,REGULAR
C0033,Steve Sanchez,harveyrobert@example.net,2025-09-24 04:18:17,PREMIUM
C0034,Taylor Harris,john62@example.net,2025-11-25 12:43:05,REGULAR
C0035,Eugene Walton,smithchristine@example.net,2024-09-27 19:29:49,REGULAR
C0036,Daniel Baker,nicole35@example.com,2024-11-11 16:19:31,VIP
C0037,Joshua Turner,contrerasangela@example.net,2024-09-30 14:42:13,REGULAR
C0038,Brandy Wilson,newtoneric@example.com,2025-10-24 22:33:23,REGULAR
C0039,Grant Watts,william40@example.org,2025-11-16 19:37:49,REGULAR
C0040,Donald Smith,danagreen@example.net,2025-06-20 08:07:20,REGULAR
C0041,Jessica Smith,landryhannah@example.org,2025-09-08 22:15:05,REGULAR
C0042,Jacob Tran,tanderson@example.com,2026-06-10 09:56:27,PREMIUM
C0043,Valerie Williams,jason31@example.com,2026-03-10 02:07:55,REGULAR
C0044,Shelly Dickson,sarayoung@example.org,2026-03-25 10:41:10,REGULAR
C0045,Sierra Johnson,kimberly63@example.com,2024-11-12 19:22:27,REGULAR
C0046,Ashley Brennan,dwalker@example.com,2025-03-06 04:52:53,REGULAR
C0047,Shelby Walker,raymondramirez@example.org,2026-03-04 19:33:53,REGULAR
C0048,Martin Ross,sheila14@example.org,2025-10-06 02:41:18,REGULAR
C0049,Deborah Rodriguez,yreed@example.com,2025-06-16 02:40:58,REGULAR
C0050,Kayla Cruz,jonathanfletcher@example.org,2025-08-19 23:43:44,PREMIUM
C0051,Kimberly Ball,michaeljones,2025-08-10 01:09:36,REGULAR
C0052,Jason Powell,angela36@example.net,2026-07-12 13:21:38,REGULAR
C0053,Paul Thompson,richard04@example.com,2024-12-22 09:48:02,REGULAR
C0054,Kevin Pena,rramos@example.org,2025-08-13 04:41:07,REGULAR
C0055,Steven Flynn,donnacampbell@example.net,2025-11-15 18:35:02,PREMIUM
C0056,Anna Crane,emilywalker@example.org,2024-11-03 14:35:18,REGULAR
C0057,David Alvarez,gibsonolivia@example.net,2024-12-10 04:14:48,VIP
C0058,Janet Ross,dianasmith@example.org,2026-03-08 18:31:10,REGULAR
C0059,Christopher Rubio,pwilliams@example.org,2025-07-01 16:46:35,REGULAR
C0060,John Schmidt,stephanie79@example.net,2026-06-05 00:10:29,PREMIUM
C0061,Sandra Kelley,juliawells@example.com,2026-02-16 01:50:47,PREMIUM
C0062,Mark Cannon,rsims@example.com,2024-09-10 08:06:20,REGULAR
C0063,Cynthia Rogers,taylorjesse@example.net,2024-11-07 20:12:28,REGULAR
C0064,Amy Russell,nperry@example.com,2025-05-10 16:05:07,PREMIUM
C0065,Lauren Dominguez,wwoods@example.com,2026-02-17 09:30:20,REGULAR
C0066,Steven Houston,tracynelson@example.com,2024-08-03 16:46:23,PREMIUM
C0067,Michael Yates,marycalhoun@example.net,2025-08-31 00:29:51,REGULAR
C0068,James Elliott,millerroy@example.com,2024-11-30 07:23:09,REGULAR
C0069,James Lewis,matthew64@example.com,2025-01-24 02:23:36,PREMIUM
C0070,Julie Curry,cookemichael@example.net,2024-09-03 10:51:01,REGULAR
C0071,Marissa Webster,jamessmith@example.org,2025-01-13 10:30:41,REGULAR
C0072,Michael Elliott,stevenscott@example.com,2024-11-19 11:31:39,REGULAR
C0073,Tracey Higgins,tamirodriguez@example.org,2026-07-03 15:25:23,REGULAR
C0074,Michael Rubio,mdavid@example.org,2025-10-15 01:12:55,REGULAR
C0075,Lori Garcia,melissa91@example.net,2026-03-12 01:05:30,VIP
C0076,Joseph Stanley,huntermatthew@example.com,2026-04-11 21:04:14,REGULAR
C0077,Jeffrey Cox PhD,bzimmerman@example.org,2026-02-02 02:38:50,REGULAR
C0078,Marie Gilbert,umarshall@example.net,2025-02-05 14:58:00,REGULAR
C0079,David Michael,nicole37@example.net,2025-10-29 05:07:08,REGULAR
C0080,Gabrielle Snyder,hunter35@example.com,2025-04-02 12:05:14,REGULAR
C0081,Kyle Beard,blackjames@example.org,2026-01-22 10:52:33,REGULAR
C0082,Justin Allen,fbrewer@example.com,2026-03-20 01:03:05,PREMIUM
C0083,Edward Sullivan,kevinperkins@example.com,2025-09-15 01:11:42,REGULAR
C0084,Jessica Reese,michael74@example.com,2025-01-23 10:12:56,REGULAR
C0085,Nathan Stewart,jamesrodgers@example.com,2026-01-25 22:57:17,VIP
C0086,Paige Carlson,wallkenneth@example.com,2024-11-28 12:44:39,REGULAR
C0087,Michael Martinez,mccannangela@example.net,2024-10-18 05:43:54,PREMIUM
C0088,Nicole Garcia,andrewstaylor@example.com,2025-04-02 18:55:49,REGULAR
C0089,Anthony Everett,ewilson@example.com,2025-07-29 02:31:54,REGULAR
C0090,Mark Brown,lisaavery@example.org,2025-01-20 22:19:34,PREMIUM
C0091,Phillip Obrien,kimberlyjames@example.com,2025-02-28 02:46:31,VIP
C0092,Wanda Torres,lynchjody@example.org,2025-11-10 00:09:24,REGULAR
C0093,Matthew Moore,andreamoore@example.com,2025-06-27 01:42:32,PREMIUM
C0094,Julie Johnson,jasmine71@example.net,2025-01-09 11:02:47,REGULAR
C0095,Rachel Weber,ronaldstephens@example.net,2024-11-04 21:04:30,REGULAR
C0096,Samantha Jones,lauralarson@example.net,2026-06-27 15:59:05,REGULAR
C0097,Caleb Barker,gbender@example.net,2025-07-30 16:43:17,REGULAR
C0098,Kyle Preston,cassandra01@example.org,2025-12-17 21:32:38,REGULAR
C0099,Laura Sampson,barbara27@example.net,2025-11-30 04:43:42,VIP
C0100,Donald Shea,fwalters@example.org,2025-07-12 05:20:24,VIP
C0101,Gary Santiago,marksteele@example.com,2025-12-08 19:09:49,PREMIUM
C0102,Robin Pierce,qmiller@example.com,2024-10-10 04:38:47,REGULAR
C0103,Jennifer Robertson,sandovalamy@example.com,2024-08-23 06:08:55,REGULAR
C0104,Isaiah Avila,nwolf@example.com,2025-09-11 17:54:27,REGULAR
C0105,Dwayne Gilmore,omartinez@example.net,2026-03-24 23:59:57,REGULAR
C0106,Christopher Pierce,hdavis@example.com,2024-10-11 09:26:20,REGULAR
C0107,Brittany Cantu,william46@example.com,2025-07-13 22:31:34,VIP
C0108,Juan Reyes,michellehill@example.com,2025-04-02 03:26:42,REGULAR
C0109,Katie Hoover,jessica99@example.net,2025-07-27 11:16:08,REGULAR
C0110,Jill Washington,andrea86@example.com,2026-07-06 17:20:16,VIP
C0111,Colin Terry,xhall@example.com,2024-08-15 01:21:21,REGULAR
C0112,John Mcintyre,qhughes@example.net,2024-11-07 07:09:36,REGULAR
C0113,Andrew Shaw MD,sawyerscott@example.net,2026-06-19 07:34:27,REGULAR
C0114,Nathan Ortiz,charlesharrington@example.com,2025-04-01 02:57:00,REGULAR
C0115,Jennifer Miller,melissa86@example.com,2025-11-11 00:05:41,REGULAR
C0116,Olivia Brennan,williamsonjimmy@example.net,2026-06-27 11:04:26,REGULAR
C0117,Darren Davis,hodgesjane@example.org,2025-06-21 18:28:44,REGULAR
C0118,Elijah Johnson,laura45@example.com,2025-06-11 16:17:42,PREMIUM
C0119,Joseph Knight,georgemiller@example.com,2025-11-05 11:56:59,REGULAR
C0120,Kathleen Aguilar,stevenking@example.com,2025-12-12 02:31:24,REGULAR
C0121,Robert Santana,charleslandry@example.net,2025-03-01 12:21:02,REGULAR
C0122,Jessica Wright,james67@example.org,2025-01-12 09:32:46,REGULAR
C0123,Ian Phillips,andrew64@example.org,2025-09-24 17:23:34,REGULAR
C0124,Paula Beltran,swall@example.org,2025-10-26 16:13:23,REGULAR
C0125,Colleen Lee,erica21@example.net,2025-11-26 04:22:25,REGULAR
C0126,Richard Johnson,jessica14@example.com,2026-02-12 17:45:52,REGULAR
C0127,Curtis Buchanan,alyssa42@example.com,2026-06-22 02:49:07,VIP
C0128,Karen Drake,linda71@example.org,2026-02-17 22:06:50,REGULAR
C0129,Shannon Ramsey,zcoffey@example.net,2025-04-22 06:15:09,REGULAR
C0130,James Baker,gibsonemily@example.net,2025-01-31 18:45:15,PREMIUM
C0131,Samantha Bentley,leonardthomas@example.net,2026-05-29 23:02:36,REGULAR
C0132,Erin Bishop,reidsteven@example.net,2025-03-03 20:56:40,PREMIUM
C0133,Audrey Williams,torrestravis@example.org,2025-01-10 12:42:04,REGULAR
C0134,Brandy Chavez,umatthews@example.org,2026-05-30 21:01:14,REGULAR
C0135,Brett Burns,vaughnjeff@,2025-06-22 13:26:34,VIP
C0136,Savannah Garcia,amy50@example.com,2025-02-11 10:30:51,PREMIUM
C0137,Bryan Charles,ndavis@example.net,2025-11-20 20:43:24,PREMIUM
C0138,Alison Buchanan,vanessabuchanan@example.org,2024-09-03 10:41:50,REGULAR
C0139,Kristen Willis,markhernandez@example.net,2024-07-14 08:34:11,REGULAR
C0140,William Huerta,lauren10@example.org,2024-07-23 16:43:40,REGULAR
C0141,Richard Chapman,thompsonbrian@example.net,2025-06-04 02:59:05,REGULAR
C0142,Nichole Alvarez,william17@example.net,2024-12-31 05:41:53,VIP
C0143,Amanda Logan,stephen00@example.com,2026-05-01 06:30:03,REGULAR
C0144,Michael Henry,fjones@example.com,2025-10-27 15:11:50,REGULAR
C0145,Cameron Weber,oscar98@example.com,2025-06-29 13:34:47,REGULAR
C0146,Jessica Mcguire,farrelldebra@example.net,2026-01-23 01:08:28,REGULAR
C0147,Jessica Beasley,dmorgan@example.com,2025-05-31 06:19:13,PREMIUM
C0148,Emily Edwards,nicholas27@example.org,2024-09-21 00:15:52,REGULAR
C0149,Anna Davis,lisa80@example.net,2025-09-21 08:26:27,REGULAR
C0150,Meagan Jenkins,uparrish@example.org,2025-02-20 13:30:43,REGULAR
C0151,Heather Lane,ericolson@example.org,2025-04-10 02:18:33,REGULAR
C0152,Holly Farmer,lindsaybruce@example.net,2025-10-31 17:32:46,REGULAR
C0153,Kristin Lynch,anthony44@example.com,2025-04-10 19:15:44,VIP
C0154,Sergio Knight,vjones@example.net,2024-08-04 23:12:05,REGULAR
C0155,Joseph Bennett,xpeterson@example.com,2026-01-23 15:14:07,REGULAR
C0156,Todd Carlson,moorekaren@example.org,2025-12-17 15:23:56,REGULAR
C0157,Jeremy Coleman,nperry@example.net,2024-10-08 13:25:25,PREMIUM
C0158,Brian Gregory,trose@example.org,2024-12-30 10:28:23,PREMIUM
C0159,Kyle Smith,sierra24@example.com,2025-03-24 00:21:20,REGULAR
C0160,Jonathan Jordan,omarpadilla@example.net,2025-09-19 03:04:25,PREMIUM
C0161,Renee Jones,grahamsteve@example.org,2026-05-12 18:36:25,REGULAR
C0162,Jeffrey Sullivan,zroberts@example.org,2025-03-21 09:49:45,VIP
C0163,Travis Stevens,christopher13@example.com,2025-10-12 13:04:05,REGULAR
C0164,Blake Harrell,jeffrey21@example.net,2025-11-15 23:52:30,PREMIUM
C0165,Jordan Bullock,michael23@example.org,2024-11-02 21:37:47,REGULAR
C0166,Christopher Hernandez,thompsonkendra@example.com,2025-07-07 12:25:25,REGULAR
C0167,Olivia Cole,michelle52@example.com,2024-09-03 04:39:35,REGULAR
C0168,Mark Hogan,bellcharles@example.com,2025-06-28 03:59:48,VIP
C0169,Jacob Mitchell,gilbertwilliam@example.com,2025-10-05 21:50:09,PREMIUM
C0170,Rebecca Huang,kstout@example.net,2024-12-05 08:44:58,REGULAR
C0171,John Hernandez,hayeslisa@example.com,2026-01-17 23:31:07,REGULAR
C0172,Matthew Williams,hritter@example.net,2025-10-28 19:18:30,REGULAR
C0173,Jake Campbell,rschroeder@example.net,2024-08-21 19:52:32,REGULAR
C0174,Maria Jones,grantpaul@example.com,2026-01-25 07:05:05,REGULAR
C0175,Tracey Morrison,mathewaguilar@example.org,2026-06-24 05:06:15,REGULAR
C0176,Walter Hale,tanderson@example.org,2025-03-09 14:44:10,PREMIUM
C0177,Maria Murphy,elizabethcalderon@example.net,2025-12-26 12:45:46,REGULAR
C0178,Anna Santiago,andrew42@example.org,2025-04-03 14:03:51,REGULAR
C0179,Katelyn Perez,ericphillips@example.org,2025-08-10 11:44:01,REGULAR
C0180,Sandy Stephenson,stanleynancy@example.net,2024-10-21 22:38:34,REGULAR
C0181,Brittany White,jenniferwilliams@example.com,2025-12-19 12:01:49,REGULAR
C0182,Tracy Bishop,pyoung@example.com,2026-04-01 05:33:11,REGULAR
C0183,Stephanie Lee,smurray@example.com,2025-08-06 18:34:18,REGULAR
C0184,Tracy Montoya,moniquewilliams@example.com,2026-05-22 02:25:57,PREMIUM
C0185,Timothy Dawson,mitchellkathryn@example.com,2025-06-26 03:37:44,VIP
C0186,Brittany Kim,lisawilkerson@example.org,2025-05-30 09:57:02,REGULAR
C0187,Jonathan Young,brooksanthony@example.org,2026-04-24 23:05:29,VIP
C0188,Gabriela Thomas,mitchellmaria@example.net,2026-04-18 16:44:02,REGULAR
C0189,Michael West,bullockandrew@example.org,2026-04-21 16:33:07,REGULAR
C0190,Todd Lynch,srodriguez@example.org,2025-03-03 01:34:36,REGULAR
C0191,David Fowler,fbrown@example.net,2025-09-01 12:28:42,REGULAR
C0192,Jose Allen,kellysmith@example.com,2025-01-15 00:09:14,REGULAR
C0193,Chelsea Barnett,carlos88@example.net,2026-03-14 23:30:00,REGULAR
C0194,Kristen Myers DDS,qzavala@example.net,2024-07-24 18:29:19,PREMIUM
C0195,Austin Allen,ingramjill@example.com,2024-10-23 18:38:48,REGULAR
C0196,Joshua Li,mariacohen@example.net,2025-07-18 20:10:45,PREMIUM
C0197,Robin Brown,mjohnson@example.org,2026-03-18 15:03:22,REGULAR
C0198,Andrew Mahoney,ihays@example.com,2025-01-24 21:49:21,REGULAR
C0199,Matthew Mitchell,glennmartin@example.org,2026-03-25 00:32:03,REGULAR
C0200,Steve Paul,lmorgan@example.com,2025-12-31 16:48:12,REGULAR
C0201,Tim Stone PhD,mmiller@example.org,2025-09-08 20:05:29,VIP
C0202,Brian Murphy,kirk96@example.org,2025-12-29 21:51:34,REGULAR
C0203,Jeremy Acosta,christina64@example.net,2026-03-18 21:55:39,REGULAR
C0204,Angela Walsh,william20@example.org,2026-05-02 08:03:15,REGULAR
C0205,Rachael Johnson,youngdeanna@example.com,2025-05-05 12:38:05,REGULAR
C0206,Amanda Hernandez,xrush@example.com,2026-02-24 20:38:14,PREMIUM
C0207,Chad Richardson,debra31@example.org,2026-02-03 13:41:06,REGULAR
C0208,Joseph Mcintyre,greenjorge@example.com,2024-12-25 19:35:39,REGULAR
C0209,Donna Hendricks DDS,taylorcharles@example.org,2026-06-10 04:18:10,REGULAR
C0210,Yolanda Cochran,elizabeth18@example.net,2025-02-22 16:27:24,REGULAR
C0211,Sarah Joseph,laurahicks@example.org,2024-12-15 06:15:26,REGULAR
C0212,Cynthia Snyder,angela57@example.net,2024-10-20 22:49:21,REGULAR
C0213,Angelica Parker,xfox@example.com,2026-04-12 15:52:13,PREMIUM
C0214,Beth Stewart,coleerin@example.com,2024-10-19 20:02:31,PREMIUM
C0215,Penny Bowman,katrinaanderson@example.net,2026-06-19 12:37:07,REGULAR
C0216,Sandra Holmes,fred53@example.com,2025-08-19 04:40:03,REGULAR
C0217,Sarah King,david49@example.net,2024-09-22 17:20:36,REGULAR
C0218,Caroline David,georgeweber@example.net,2025-03-31 09:23:48,REGULAR
C0219,Kristy Bryan,millerstacy@example.net,2025-02-02 17:15:19,REGULAR
C0220,Pamela Butler,jimenezcourtney@example.com,2025-11-22 17:43:50,REGULAR
C0221,Karen Ballard,eevans@example.net,2024-08-27 16:34:17,PREMIUM
C0222,Jason Marshall,catherine55@example.net,2026-05-11 17:45:53,PREMIUM
C0223,James Hodges,floressteven@example.com,2025-06-26 08:47:19,REGULAR
C0224,Brent Roberts,alin@example.org,2026-05-15 06:12:45,REGULAR
C0225,Robin Peck,james27@example.net,2025-07-09 17:46:34,PREMIUM
C0226,Mr. Alexander Landry MD,jasongomez@example.org,2025-02-15 16:34:26,PREMIUM
C0227,Stephen Pena MD,booneryan@example.com,2026-01-28 05:26:41,REGULAR
C0228,Jamie Williams,hudsonjames@example.net,2025-02-21 07:38:14,REGULAR
C0229,Jonathan Duran,marcia99@example.org,2024-10-20 02:10:15,REGULAR
C0230,Jennifer Norton,angela52@example.org,2025-10-23 02:26:06,REGULAR
C0231,Kathryn Williams,jenniferbrock@example.net,2025-07-02 02:35:45,PREMIUM
C0232,Steven Taylor,francisco94@example.net,2025-03-30 10:10:02,REGULAR
C0233,Katrina Burns,thomas05@example.com,2025-12-17 12:22:23,REGULAR
C0234,Jason Parker,carlsonjoseph@example.net,2026-03-12 06:05:59,REGULAR
C0235,Laura Perez,silvageorge@example.net,2026-01-23 07:32:02,REGULAR
C0236,Sarah Hernandez,anthonyvaughan@example.org,2024-12-07 08:11:21,PREMIUM
C0237,Erik Hernandez,roberthampton@example.com,2026-05-21 02:12:46,PREMIUM
C0238,Monica Thornton,annbolton@example.com,2025-08-24 07:18:56,REGULAR
C0239,Tyler Stevens,amy49@example.com,2024-12-08 11:46:31,REGULAR
C0240,Diana Evans,kellie37@example.com,2025-07-19 19:53:44,VIP
C0241,Timothy Pope,keith98@example.com,2026-06-07 21:53:48,REGULAR
C0242,Sabrina Blevins,kellyroberts@example.net,2024-09-11 12:55:37,PREMIUM
C0243,Jeremy Scott,ilewis@example.com,2026-07-06 20:32:18,PREMIUM
C0244,Denise Rodriguez,johnsantiago@example.net,2025-01-03 10:32:09,PREMIUM
C0245,Amy Gutierrez,xgarcia@example.org,2024-07-16 04:18:02,REGULAR
C0246,Vanessa Moore,mwoods@example.com,2025-03-18 14:42:41,REGULAR
C0247,Anthony Mack,amandasharp@example.org,2026-06-21 11:32:51,PREMIUM
C0248,Jennifer Monroe,osbornrandy@example.com,2024-12-03 20:48:43,PREMIUM
C0249,Tonya Howe,smithashley@example.org,2026-07-03 07:21:51,VIP
C0250,Mrs. Virginia Daniels,ismall@example.net,2025-07-10 16:15:04,VIP
C0251,Robert Rivera,twong@example.org,2024-07-23 02:15:36,REGULAR
C0252,Rachel Bradley,gregorychase@example.com,2026-04-15 11:55:09,REGULAR
C0253,Garrett Morales,lopezdonald@example.com,2026-07-09 00:45:40,REGULAR
C0254,Dean Young,stephanie49@example.net,2025-09-30 02:55:10,REGULAR
C0255,Matthew Schwartz,contrerassteven@example.org,2025-05-23 01:13:30,REGULAR
C0256,Tammy Barron,hannah45@example.net,2024-12-30 16:38:23,REGULAR
C0257,Casey Hernandez,robert87@example.net,2026-03-27 01:58:54,REGULAR
C0258,Colleen Wright,foxallison@example.com,2024-09-10 19:39:06,REGULAR
C0259,Ashley Poole,ashleyhernandez@example.com,2026-05-06 20:29:07,REGULAR
C0260,Audrey Harris,gdavis@example.com,2026-04-01 06:49:29,REGULAR
C0261,Carlos Perry,hansenemily@example.com,2026-01-24 22:37:46,VIP
C0262,David Smith,bethwilliams@example.com,2026-01-07 03:49:55,REGULAR
C0263,Zachary Michael,andersenthomas@example.com,2025-05-25 17:32:37,PREMIUM
C0264,Chad May,ybrooks@example.com,2026-05-18 14:36:31,REGULAR
C0265,Jamie Miller,desireebailey@example.org,2025-09-02 10:56:08,REGULAR
C0266,Cameron Irwin,avilatiffany@example.com,2025-12-17 06:39:32,REGULAR
C0267,Jessica Gray,johnreed@example.com,2024-12-05 13:14:30,REGULAR
C0268,Molly Rodriguez,bmendez@example.org,2024-12-19 05:21:05,VIP
C0269,Kirk Griffin,sanchezbradley@example.com,2025-01-10 04:06:44,PREMIUM
C0270,Nicole Parsons,williamroberts@example.net,2025-10-02 15:11:12,REGULAR
C0271,Kyle Chambers,joel28@example.org,2025-05-29 09:01:57,VIP
C0272,Antonio Fry,conniesimmons@example.com,2024-08-17 13:41:40,VIP
C0273,Teresa Powers,heather62@example.com,2025-04-30 13:26:17,VIP
C0274,Joshua Allen,kevinzimmerman@example.com,2026-06-22 15:43:23,REGULAR
C0275,Jason Butler,paulscott@example.com,2025-11-26 11:10:57,REGULAR
C0276,Jerry Watson,brettbennett@example.net,2025-10-23 10:59:35,REGULAR
C0277,Benjamin Ballard,timothybooth@example.com,2025-03-04 15:32:45,PREMIUM
C0278,Alexis Giles,burgesskaren@example.org,2026-01-03 11:07:31,REGULAR
C0279,Christine Herman,kimberly67@example.net,2025-11-28 00:45:14,REGULAR
C0280,Dennis Hunt,zowens@example.net,2025-07-11 19:38:50,REGULAR
C0281,Erica Harris,robert93@example.net,2024-11-02 11:54:29,REGULAR
C0282,Juan Silva,mphillips@example.com,2025-01-06 19:34:10,REGULAR
C0283,Roy Porter,jonathan77@example.com,2024-11-19 19:48:50,REGULAR
C0284,Heather Taylor,iwhite@example.net,2024-08-26 18:33:23,REGULAR
C0285,Sara Jones,duranrobert@example.net,2025-01-07 21:56:34,REGULAR
C0286,Chris Robinson,nbrooks@example.net,2025-12-12 00:55:14,REGULAR
C0287,Susan Hopkins,smithandrea@example.org,2024-07-25 03:30:34,VIP
C0288,Denise Madden,shawheidi@example.com,2026-03-30 07:46:00,REGULAR
C0289,Cassie Hull,johnharvey@example.com,2026-04-06 08:24:33,REGULAR
C0290,Robert Miller,pstevens@example.net,2025-01-03 13:59:45,REGULAR
C0291,Ronald Miller,davisnicholas@example.net,2025-07-16 21:05:23,REGULAR
C0292,Adam Jackson,pbruce@example.com,2025-09-24 16:02:37,PREMIUM
C0293,Valerie Jacobson,hallrachel@example.net,2026-06-01 12:55:23,REGULAR
C0294,Denise Glass,rachel90@example.org,2026-07-03 13:10:17,REGULAR
C0295,Alexis Clark,karenmarquez@example.com,2026-07-03 15:11:44,REGULAR
C0296,Christopher Allen,irhodes@example.com,2025-05-06 07:07:25,REGULAR
C0297,Brenda Hinton,masonterri@example.org,2024-09-26 00:42:24,REGULAR
C0298,Ryan Peterson,unovak@example.org,2025-11-16 16:37:12,REGULAR
C0299,Willie Henry,angela66@example.org,2025-12-22 02:08:31,REGULAR
C0300,Jamie Barton,lauren11@example.com,2024-11-08 22:35:55,REGULAR
C0301,Richard Moore,gstewart@example.org,2024-07-16 04:33:27,REGULAR
C0302,Jill Juarez,andersonjacob@example.com,2025-09-17 18:39:54,PREMIUM
C0303,Jennifer Johnson,angela99@example.com,2026-05-14 00:35:07,REGULAR
C0304,Edgar Hughes,hardyanita@example.org,2025-09-29 09:49:36,REGULAR
C0305,Melissa Jackson,kevin72@example.org,2024-11-19 00:41:00,REGULAR
C0306,Jason Washington,wardsheryl@example.net,2025-11-09 15:11:02,REGULAR
C0307,Luis Ellis Jr.,rushmartin@example.net,2025-05-03 05:22:25,VIP
C0308,Erin Cook,kevinmorrison@example.net,2024-12-15 03:51:17,REGULAR
C0309,Christopher Sanders,kelly79@example.org,2025-03-22 06:40:17,REGULAR
C0310,Robert Long,frederickjames@example.net,2024-11-28 21:47:52,PREMIUM
C0311,Krista Benton,nhahn@example.com,2026-03-23 17:38:51,PREMIUM
C0312,Michael Fuentes,ichambers@example.net,2025-03-04 08:55:16,REGULAR
C0313,Matthew Espinoza,mjones@example.com,2025-10-07 09:31:36,PREMIUM
C0314,Jonathon Knapp,ystephens@example.com,2026-01-08 03:07:21,REGULAR
C0315,Kimberly Little,rodriguezjohn@example.net,2025-04-13 21:33:20,REGULAR
C0316,Lonnie Hart,vrasmussen@example.com,2024-10-02 10:39:40,PREMIUM
C0317,David Dixon,seanmyers@example.net,2025-10-12 07:49:25,REGULAR
C0318,Brittany Cuevas,agarcia@example.org,2024-10-10 07:24:03,PREMIUM
C0319,Monica Bailey,stanley38@example.com,2025-04-08 16:29:59,REGULAR
C0320,Jeffrey Horton,carlos01@example.org,2026-05-02 17:34:27,REGULAR
C0321,Brian Marsh,zacharyarnold@example.com,2025-09-20 00:03:09,REGULAR
C0322,Joel Salinas,jacobsandoval@example.com,2024-08-03 19:53:42,REGULAR
C0323,Sonya Cole,jamiegoodwin@,2026-04-01 07:31:39,REGULAR
C0324,Laura Lloyd,michaelgonzalez@example.org,2025-01-31 22:20:00,REGULAR
C0325,Katherine Church,candice96@example.net,2024-10-08 21:09:06,VIP
C0326,Ryan Williamson,samantha91@example.net,2024-10-24 04:40:44,PREMIUM
C0327,David Wilson,heather86@example.com,2025-10-18 09:53:41,REGULAR
C0328,James Lopez,angelaburns@example.org,2024-12-04 11:28:55,REGULAR
C0329,Jerry Brown,stephanie72@example.org,2026-04-06 08:26:17,REGULAR
C0330,Justin Delgado,acohen@example.net,2026-04-25 12:25:46,VIP
C0331,Christopher Cunningham,kellyhill@example.net,2025-02-21 08:54:58,PREMIUM
C0332,Jim Newton,hdunn@example.net,2024-10-08 20:40:40,PREMIUM
C0333,Joshua Ritter,wolfscott@example.org,2025-06-07 09:10:10,REGULAR
C0334,Ronald Potter,nancy07@example.com,2025-04-08 21:39:26,REGULAR
C0335,Angie Grimes,rowejoel@example.net,2025-10-11 19:24:26,VIP
C0336,Shannon Bishop,imartin@example.org,2026-04-05 01:00:27,REGULAR
C0337,Anthony Bell,candice25@example.net,2025-02-24 10:49:04,PREMIUM
C0338,Derek Hodge,taylorkaren@example.com,2026-06-25 18:48:06,REGULAR
C0339,Donald Rios,johndawson@example.org,2026-02-23 14:36:29,REGULAR
C0340,Jenna Thomas,courtney67@example.org,2025-11-16 07:23:21,REGULAR
C0341,Patricia Powell,heather57@example.com,2025-03-23 08:49:33,REGULAR
C0342,Sheila Boone,simonstephen@example.net,2026-01-04 18:07:13,REGULAR
C0343,Arthur Ferguson,tammysummers@example.com,2025-02-05 17:36:04,REGULAR
C0344,Drew Kelley,ashleewashington@example.com,2026-06-06 15:57:45,PREMIUM
C0345,Amber Garcia,ksmith@example.com,2025-07-01 17:49:35,REGULAR
C0346,Tyler Harris,nicoleturner@example.com,2024-09-22 15:41:42,PREMIUM
C0347,Danielle Watson,brettgarrett@example.net,2026-01-06 10:14:37,REGULAR
C0348,Jessica Davis,smiththomas@example.org,2025-10-16 06:41:58,REGULAR
C0349,Michael Smith,lisa62@example.com,2024-09-05 04:02:49,REGULAR
C0350,Brandon Shaffer,edwardsnicole@example.org,2025-05-05 10:08:56,PREMIUM
C0351,Nicole Anderson,caseyelliott@example.net,2025-11-29 00:58:00,REGULAR
C0352,Gregory Lewis,samanthajensen@example.com,2026-05-11 02:34:30,PREMIUM
C0353,Steven Taylor,lawrencepatrick@example.com,2025-03-13 10:29:05,REGULAR
C0354,Danielle Newman,angelagreene@example.net,2025-02-18 11:01:13,REGULAR
C0355,Melissa Abbott,jamie98@example.org,2026-02-13 00:31:39,VIP
C0356,Matthew Bowers,troyrodriguez@example.com,2025-11-19 18:25:42,REGULAR
C0357,Kelsey Levine,sarah26@example.net,2025-06-04 01:10:35,REGULAR
C0358,Michael Farmer,smithcarlos@example.com,2024-12-26 17:27:05,REGULAR
C0359,Antonio Mccormick,courtney86@example.com,2026-01-08 06:24:36,REGULAR
C0360,Martin Medina,joshuacollins@example.net,2026-06-27 10:59:43,PREMIUM
C0361,Robert Herrera,wwillis@example.net,2025-12-23 03:30:35,VIP
C0362,Emily Kim,brianmiller@example.com,2024-10-10 05:51:29,REGULAR
C0363,Lee Parker,davidzimmerman@example.net,2024-07-20 23:18:08,REGULAR
C0364,Troy Mills,gary24@example.net,2026-05-31 15:40:49,REGULAR
C0365,Steven Rogers,enelson@example.com,2026-01-16 10:22:45,VIP
C0366,Lori Crawford,brian92@example.com,2024-11-11 08:10:56,REGULAR
C0367,Brian Berry,perezwilliam@example.org,2026-05-10 02:50:05,REGULAR
C0368,Dana Ruiz,lmora@example.org,2025-09-14 13:51:29,REGULAR
C0369,Michelle Rios,marcbutler@example.net,2025-03-17 15:44:05,REGULAR
C0370,Blake Watson,whitelinda@example.org,2025-05-19 13:29:33,REGULAR
C0371,John Campbell,mark87@example.org,2025-04-24 16:52:01,REGULAR
C0372,Justin Torres,stevenvargas@example.com,2026-03-04 06:16:00,PREMIUM
C0373,Morgan Payne,edwardrandolph@example.org,2025-01-09 03:06:15,REGULAR
C0374,Makayla Steele,tapiaaaron@example.net,2025-04-30 09:58:58,REGULAR
C0375,Monica Garcia,robertwoodward@example.org,2026-01-15 21:52:31,REGULAR
C0376,Andrew Hall,xhaynes@example.com,2026-02-13 01:34:01,VIP
C0377,Brendan Anderson,kjones@example.org,2025-06-15 00:22:48,REGULAR
C0378,Bianca Carter,sara65@example.com,2025-06-28 19:43:47,REGULAR
C0379,Benjamin Harris,moorefrank@example.com,2025-03-13 01:42:59,PREMIUM
C0380,Joshua Oconnell,shannonford@example.org,2024-09-20 09:16:45,PREMIUM
C0381,Michael Mckenzie,lewismelissa@example.org,2024-09-21 00:02:36,REGULAR
C0382,Tracy Foster,byrdjorge@example.org,2024-08-05 07:07:25,REGULAR
C0383,Sarah Hawkins,codygarcia@example.org,2024-10-14 11:45:52,REGULAR
C0384,Ronald Haas,jamesmorales@example.net,2025-11-13 17:18:34,REGULAR
C0385,Angela Willis,johnsoncaleb@example.net,2025-06-21 13:52:14,REGULAR
C0386,Anna Boone,david70@example.org,2026-06-29 22:46:32,REGULAR
C0387,Samantha Foster,reyesronald@example.com,2024-12-25 22:18:35,VIP
C0388,Denise Griffin,austinharvey@example.org,2025-11-26 21:51:20,REGULAR
C0389,Jason Pierce,millerpatrick@example.com,2024-12-14 01:52:28,PREMIUM
C0390,Rebecca Wright,mayokimberly@example.com,2025-07-19 17:40:39,PREMIUM
C0391,Kari Durham,paul20@example.com,2025-10-18 22:46:02,REGULAR
C0392,Steven Osborne,stokesthomas@example.com,2026-02-27 18:41:08,VIP
C0393,Crystal Moore,dianeadams@example.net,2024-08-24 13:55:28,REGULAR
C0394,Theresa Johnston,lkelly@example.org,2025-01-11 21:20:39,VIP
C0395,Renee Wolfe,warnermichael@example.net,2025-09-22 22:05:53,PREMIUM
C0396,Travis Copeland,lweaver@example.com,2024-08-10 15:24:25,REGULAR
C0397,David Robinson,nsmith@example.org,2026-03-30 12:56:37,REGULAR
C0398,Mitchell Sellers,brian29@example.net,2026-06-24 14:00:32,REGULAR
C0399,Brian Fox,susan56@example.net,2024-09-28 15:05:16,REGULAR
C0400,Frank Daugherty,fconner@example.net,2025-03-15 14:18:10,REGULAR
C0401,Wayne Steele,jeffrey92@example.com,2025-03-07 11:18:40,REGULAR
C0402,Elizabeth Thompson,rushstacy@example.com,2026-05-03 22:58:15,REGULAR
C0403,Traci Johnson DDS,daniellegarcia@example.com,2024-10-29 09:29:38,REGULAR
C0404,Blake Reed,gary15@example.com,2024-07-21 00:08:29,REGULAR
C0405,David Jones,kristin00@example.com,2025-06-17 12:43:37,REGULAR
C0406,Tracy Wilkerson,wmacias@example.net,2025-04-29 16:41:51,REGULAR
C0407,John Shields,franciscojones@example.org,2025-02-26 05:12:24,PREMIUM
C0408,Dean Garcia,george62@example.net,2024-09-08 09:51:29,PREMIUM
C0409,Stephanie Davis,bbush@example.net,2024-11-17 07:28:56,PREMIUM
C0410,Jessica Brown,jamie36@example.net,2025-09-15 13:06:57,REGULAR
C0411,Monica Baker,kenneth10@example.com,2025-09-29 06:16:24,VIP
C0412,Katherine Brown,pattersonkelly@example.net,2025-11-09 16:15:05,REGULAR
C0413,Christina Johnson,daniellerowland@example.com,2026-04-28 12:42:26,REGULAR
C0414,Richard Ruiz,christopher86@example.org,2025-04-26 08:02:07,PREMIUM
C0415,Jaclyn Griffin,scott43@example.com,2025-09-23 10:01:49,REGULAR
C0416,Paul Contreras,barnettlindsey@example.com,2026-02-19 17:05:24,PREMIUM
C0417,Kristen Randall,rsheppard@example.com,2025-09-29 23:52:47,REGULAR
C0418,Karen Miller,shawrachel@example.net,2025-12-20 09:52:38,REGULAR
C0419,Mrs. Tiffany Cole,teresastokes@example.org,2024-08-14 07:14:53,REGULAR
C0420,William Graham,maryscott@example.net,2026-06-22 05:08:56,REGULAR
C0421,Angie Hawkins,melissa87@example.org,2026-03-15 02:04:41,PREMIUM
C0422,Laurie Harrington,perryeddie@example.net,2025-10-07 17:35:59,REGULAR
C0423,Teresa Buckley,floydmikayla@example.com,2026-05-25 00:50:01,PREMIUM
C0424,James Washington,rjohnson@example.com,2024-10-31 21:19:11,PREMIUM
C0425,Melanie Morales,vpreston@example.net,2025-01-12 16:30:38,REGULAR
C0426,John Adams,andrew44@example.com,2026-04-27 19:30:37,VIP
C0427,Michael Garcia PhD,kevinmanning@example.com,2025-02-06 10:03:50,PREMIUM
C0428,Lisa Davis,alewis@example.net,2025-07-23 10:42:24,REGULAR
C0429,Sharon Nicholson,cameronmckinney@example.com,2024-10-25 12:24:27,PREMIUM
C0430,Kelly Carroll,jameswhitaker@example.org,2025-01-21 22:32:50,REGULAR
C0431,Anthony Ward,joshuacolon@example.net,2025-05-16 11:15:07,REGULAR
C0432,Becky Johnson,tracy72@example.com,2025-10-10 23:57:08,REGULAR
C0433,Hailey Monroe,kaitlyn14@example.org,2025-05-08 09:49:05,REGULAR
C0434,Scott Chan,mercedesholland@example.net,2024-12-19 17:27:23,REGULAR
C0435,Jason Smith,wellsdavid@example.org,2025-10-22 01:48:35,REGULAR
C0436,Courtney Franklin,jennifer46@example.com,2026-05-04 14:25:42,PREMIUM
C0437,David Owens,asilva@example.net,2025-12-08 14:54:43,REGULAR
C0438,Sara Hoffman,kenneth17@example.org,2025-03-30 08:29:35,REGULAR
C0439,Margaret Hensley MD,jacob83@example.org,2026-03-29 18:00:42,REGULAR
C0440,Rhonda Powell,erin07@example.com,2025-01-29 15:46:04,REGULAR
C0441,Jennifer Doyle,matthewreeves@example.net,2025-08-31 10:01:56,VIP
C0442,Karen Shepard,william28@example.org,2025-02-25 08:14:36,REGULAR
C0443,Carl Green,staceylam@example.net,2024-09-19 12:22:51,REGULAR
C0444,Daniel Savage,vfrench@example.com,2025-01-30 12:53:16,REGULAR
C0445,Julie Wilson,delacruzbrandy@example.net,2024-09-05 11:16:09,REGULAR
C0446,Cory Wilson,amoreno@example.org,2026-05-19 13:30:58,REGULAR
C0447,Brenda Gonzalez,dbenitez@example.org,2025-03-14 21:31:36,REGULAR
C0448,Catherine Miller,crystal25@example.net,2024-08-26 05:09:48,REGULAR
C0449,Donald Juarez,barbaramoore@example.org,2024-10-20 16:00:48,VIP
C0450,Madeline Powell,creyes@example.net,2024-12-14 01:03:45,VIP
C0451,Tiffany Mcclain,andrewsmith@example.net,2025-01-21 10:06:39,REGULAR
C0452,Shawn Collins,reyesbrianna@example.org,2024-08-31 20:44:59,REGULAR
C0453,Elizabeth Carter,ryan25@example.com,2025-04-17 04:38:00,REGULAR
C0454,Carmen Meadows,osmith@example.net,2024-10-22 01:33:52,REGULAR
C0455,Alex Wagner,richardsondebra@example.org,2025-04-29 13:48:19,REGULAR
C0456,Dawn Nichols,wheelerbrandon@example.org,2025-12-01 19:05:42,REGULAR
C0457,Amber Wilson,jjames@example.com,2025-07-15 15:06:01,REGULAR
C0458,Christine Jennings,turnerdorothy@example.net,2025-08-20 06:58:43,REGULAR
C0459,Larry Taylor,huntchristine@example.com,2024-10-08 17:03:34,REGULAR
C0460,Kathleen Lynch,marie35@example.net,2025-05-26 10:07:17,REGULAR
C0461,Andrew Crawford,haleycastillo@example.org,2024-07-14 06:45:06,REGULAR
C0462,Brandon Rodriguez,fhernandez@example.net,2024-09-08 10:42:42,REGULAR
C0463,Ashley Scott,stephenmadden@example.com,2025-07-07 18:28:08,PREMIUM
C0464,Robert Sawyer,michael56@example.net,2024-10-10 04:15:50,REGULAR
C0465,Peter Williams,elizabethjackson@example.com,2026-06-06 22:54:54,REGULAR
C0466,Marco Johns,watsonmatthew@example.org,2025-05-19 10:44:45,REGULAR
C0467,Jesus Houston,pmarsh@example.org,2024-10-07 23:14:19,REGULAR
C0468,Nicholas Jarvis,dalepruitt@example.com,2026-03-27 07:00:40,PREMIUM
C0469,Jessica Carr,cheryl27@example.com,2024-10-07 21:01:07,PREMIUM
C0470,Jessica Brown,alexander89@example.net,2025-09-24 00:18:10,PREMIUM
C0471,Tyler Marks,reynoldsjessica@example.com,2025-04-06 16:56:57,REGULAR
C0472,Margaret Hernandez,smithsarah@example.net,2026-05-02 11:20:24,VIP
C0473,Jon Martin,vflores@example.com,2024-08-20 06:19:01,VIP
C0474,Krista Gray,christianwallace@example.net,2025-06-25 04:52:29,PREMIUM
C0475,Jonathan Stewart,bmcgee@example.org,2025-05-21 12:22:19,VIP
C0476,Justin Smith,connersylvia@example.net,2025-03-05 17:49:44,REGULAR
C0477,Kristina Pena,xclements@example.org,2026-04-07 10:01:41,REGULAR
C0478,Jesse Castro,xmoran@example.net,2025-06-28 15:31:41,REGULAR
C0479,Peter Walker,michael48@example.net,2025-04-28 13:31:59,REGULAR
C0480,Amber Martin,lydianewton@example.com,2024-10-03 05:37:07,PREMIUM
C0481,Craig Martinez,ylewis@example.org,2026-01-19 21:36:24,REGULAR
C0482,Peter Williams,bartonshannon@example.net,2025-10-12 21:21:40,REGULAR
C0483,Brandy Porter,tranryan@example.net,2025-07-22 06:12:57,REGULAR
C0484,Priscilla Kent,jessicaanderson@example.com,2025-12-04 20:48:23,REGULAR
C0485,Sonya Gordon,mbarnes@example.net,2026-02-24 07:24:19,PREMIUM
C0486,James Cooper,shawn22@example.com,2025-10-23 03:34:53,REGULAR
C0487,Nicole Evans,jennifer83@example.org,2024-12-22 01:02:22,REGULAR
C0488,Donna Reed,tinasantos@example.org,2025-08-07 12:57:58,REGULAR
C0489,Mallory Page,anna99@example.net,2026-01-14 17:22:32,REGULAR
C0490,Paul Skinner,natalie60@example.net,2024-10-02 20:27:54,REGULAR
C0491,Charles Santiago,josephfloyd@example.com,2025-12-24 23:01:50,REGULAR
C0492,Ryan Vaughn,james80@example.com,2026-04-05 10:15:36,VIP
C0493,Luis Lowe,juliahoffman@example.org,2025-08-12 23:59:37,PREMIUM
C0494,Rebecca Roberts,housepaul@example.net,2025-03-12 00:00:15,REGULAR
C0495,Amy Manning,christinenorman@example.com,2026-04-17 19:43:30,REGULAR
C0496,Mark Mckinney,kari89@example.org,2026-03-07 00:08:08,VIP
C0497,Cheryl Cole,lopezglenn@example.net,2024-10-12 20:37:40,REGULAR
C0498,Jeffrey Hawkins,eugenesingleton@example.org,2025-03-25 21:50:55,VIP
C0499,Timothy Williams,candice94@example.com,2026-03-17 16:40:02,REGULAR
C0500,Heather Bowers,alicia28@example.org,2026-03-14 20:37:39,REGULAR
C0501,Jennifer Herrera,baileynicole@example.net,2025-03-26 22:28:07,REGULAR
C0502,Edward Clements,wbarajas@example.net,2024-07-18 23:49:28,REGULAR
C0503,Gregory Allen,susanfleming@example.com,2025-05-04 09:00:44,PREMIUM
C0504,Theresa Cruz,angel85@example.net,2026-03-27 17:18:01,REGULAR
C0505,Katelyn Phillips,lukemiller@example.org,2024-11-19 04:10:37,REGULAR
C0506,Patricia Ferguson,clarkcrystal@example.org,2026-05-14 23:33:51,PREMIUM
C0507,Sara Harris,elucas@example.net,2025-12-27 00:29:24,REGULAR
C0508,Joe Rivera,jonesgregory@example.com,2025-09-18 15:09:19,REGULAR
C0509,Roberto Bartlett,ohughes@example.com,2025-06-13 11:53:00,REGULAR
C0510,James Wilson,maychristine@example.net,2025-10-10 00:14:10,PREMIUM
C0511,Ryan Howard,robertsgina@example.net,2024-09-17 08:17:09,REGULAR
C0512,Timothy James,wellsamanda@example.org,2026-02-12 04:12:48,REGULAR
C0513,Robert Gardner,kennetheaton@example.net,2025-11-27 10:12:00,REGULAR
C0514,Travis Spencer,davidsmith@example.net,2025-05-14 05:55:37,REGULAR
C0515,Theresa Torres,jason82@example.org,2024-12-02 01:35:04,REGULAR
C0516,Ruben Lee,emilybradley@example.org,2026-05-04 10:43:44,REGULAR
C0517,Wanda Dunn,robertscarlos@example.org,2024-12-12 11:50:32,REGULAR
C0518,Katelyn Rivera,emilyyoung@example.com,2025-11-05 08:19:22,REGULAR
C0519,Corey Tucker,christina49@example.org,2025-09-24 10:21:54,PREMIUM
C0520,Rhonda Benjamin,adamsanchez@example.org,2026-01-16 08:03:56,PREMIUM
C0521,Jessica Larsen,erinrivera@example.com,2025-07-06 15:49:50,PREMIUM
C0522,Raymond Tucker,thompsoncatherine@example.com,2026-05-10 03:17:39,REGULAR
C0523,Stephanie Gonzalez,lunapatricia@example.net,2025-11-14 18:04:58,VIP
C0524,Kevin Sullivan,rebeccaarnold@example.net,2026-06-06 12:49:02,PREMIUM
C0525,Mrs. Patricia Diaz MD,dennis88@example.org,2025-05-16 08:19:23,REGULAR
C0526,Adam Allen,katherinetaylor@example.org,2024-11-28 07:13:11,VIP
C0527,Krystal Brennan,jillwebb@example.com,2024-08-12 13:11:30,REGULAR
C0528,John Brown,jim38@example.com,2025-05-09 14:17:29,REGULAR
C0529,Jesse Williams,dakota84@example.net,2025-02-01 16:16:44,VIP
C0530,Laura Bennett,pdiaz@example.org,2025-08-17 11:00:22,REGULAR
C0531,William Walker,wgomez@example.com,2026-03-19 19:55:03,REGULAR
C0532,Mr. Jonathan Taylor,jerryrobertson@example.com,2024-12-23 10:40:34,REGULAR
C0533,Christopher Guzman,guerrerorobert@example.com,2026-01-22 14:15:01,REGULAR
C0534,Michael Mendoza,deborahjenkins@example.org,2024-08-14 15:58:49,REGULAR
C0535,Kevin Taylor,macdonalddylan@example.org,2025-01-28 18:01:13,REGULAR
C0536,Kellie Sullivan,johnsjessica@example.com,2024-09-16 18:10:46,PREMIUM
C0537,Lawrence Ruiz,ajackson@example.net,2024-10-31 00:03:31,REGULAR
C0538,Samantha White,gary57@example.net,2025-10-13 21:13:08,PREMIUM
C0539,James Anderson,harrismichele@example.net,2025-12-25 17:15:09,REGULAR
C0540,Chase Davis,mvalenzuela@example.org,2026-05-24 22:12:24,REGULAR
C0541,Kathy Wilson,mhopkins@example.net,2026-04-15 21:50:08,REGULAR
C0542,Todd Gregory,xboyd@example.org,2026-01-05 00:42:58,REGULAR
C0543,Crystal Lang,zbell@example.net,2026-06-17 07:25:39,REGULAR
C0544,Melissa Davis,jonathancannon@example.org,2025-02-17 04:11:06,VIP
C0545,Kimberly Scott,fletcherkristine@example.net,2025-08-22 00:34:30,PREMIUM
C0546,Adam Pena,robert12@example.com,2025-11-30 05:58:02,REGULAR
C0547,Deborah Herrera,cheryl63@example.com,2025-09-13 23:41:37,PREMIUM
C0548,Karen Wood,tking@example.net,2025-04-05 14:58:42,REGULAR
C0549,Jennifer Taylor,adkinssean@example.net,2024-11-14 19:47:28,REGULAR
C0550,Jordan Hartman,martintamara@example.org,2026-03-28 22:14:36,REGULAR
C0551,Charles Frost,qdavis@example.org,2025-04-26 04:34:46,PREMIUM
C0552,Andrew Cruz,hmendez@example.com,2026-01-15 21:00:20,PREMIUM
C0553,Amy Ayala,daniellegonzales@example.org,2026-05-03 19:26:29,REGULAR
C0554,Regina Mitchell,bowerswilliam@example.net,2025-01-08 02:22:17,REGULAR
C0555,Megan Ward,cantrellchristopher@example.com,2026-03-09 17:52:03,REGULAR
C0556,Michael Sullivan,aprilmclaughlin@example.org,2026-06-26 02:25:14,REGULAR
C0557,Duane Gallegos,michael43@example.net,2024-12-10 05:55:26,REGULAR
C0558,Jared Smith,richardrodriguez@example.org,2025-08-06 23:27:53,REGULAR
C0559,Travis Pratt,nancy94@example.net,2025-06-21 01:31:02,PREMIUM
C0560,Kristine Carrillo,susan77@example.net,2026-05-12 16:59:25,PREMIUM
C0561,Brian Jones,ericahall@example.com,2025-05-28 11:53:20,REGULAR
C0562,Kelli Smith,john16@example.net,2026-02-13 18:08:02,VIP
C0563,Angela Velazquez,nedwards@example.net,2025-02-06 03:38:52,REGULAR
C0564,Paul Conrad,victorgonzalez@example.net,2025-01-16 03:58:19,PREMIUM
C0565,Christine Harris,marykelly@example.org,2024-10-13 06:24:31,REGULAR
C0566,Megan Alvarado,duranamber,2025-03-14 03:30:32,REGULAR
C0567,William Prince PhD,wwhite@example.net,2025-02-14 20:15:36,REGULAR
C0568,Paul Anderson,imendoza@example.org,2025-08-06 10:31:42,REGULAR
C0569,Scott Parsons,sbray@example.net,2025-07-04 12:02:56,REGULAR
C0570,Adam Craig,ucarpenter@example.com,2025-10-31 02:43:23,REGULAR
C0571,Chelsea Baker,thomas95@example.com,2024-12-02 00:06:39,PREMIUM
C0572,Mr. Michael Watson PhD,shannon92@example.net,2025-12-26 23:54:02,REGULAR
C0573,Brett Nelson,angelachase@example.org,2024-11-02 10:26:09,REGULAR
C0574,Nancy Kennedy,thompsonvictor@example.net,2025-08-17 17:25:12,REGULAR
C0575,Emily Tucker,anna90@example.com,2024-09-27 00:44:08,REGULAR
C0576,Amy Cervantes,gcombs@example.com,2026-02-10 11:56:07,REGULAR
C0577,Isaac Castro,maurice61@example.com,2026-05-16 20:38:02,REGULAR
C0578,Lisa Ray,tiffanymitchell@example.com,2025-12-17 00:56:08,REGULAR
C0579,Patricia Griffin,jamesjustin@example.net,2024-11-01 15:52:49,REGULAR
C0580,Margaret Mcfarland,kwelch@example.com,2026-05-02 12:22:08,REGULAR
C0581,Angela Cooper,logan44@example.net,2025-11-24 20:45:08,REGULAR
C0582,Stephen Norman,julie87@example.com,2024-11-19 02:44:50,REGULAR
C0583,Alexander Luna,randydavis@,2026-07-09 18:48:40,VIP
C0584,Kimberly Johnson,fwarren@example.org,2025-02-01 00:10:35,PREMIUM
C0585,Angela Huynh,pparker@example.net,2025-02-17 21:07:22,REGULAR
C0586,Cameron Rose,anthonyalvarado@example.com,2026-05-14 10:20:03,REGULAR
C0587,William Fernandez,amy28@example.org,2025-10-14 01:35:54,REGULAR
C0588,Lynn Fields,omills@example.net,2025-03-09 16:13:01,REGULAR
C0589,Karen Perez,ramosmichael@example.com,2024-11-10 02:29:49,REGULAR
C0590,Aaron Ochoa,mauriceharrison@example.org,2025-12-28 08:40:22,PREMIUM
C0591,Theresa Woods,cannonlauren@example.net,2025-01-07 17:52:44,REGULAR
C0592,Kimberly Lopez,kfoster@example.net,2026-02-04 16:35:03,REGULAR
C0593,Sandra Walker,hendersonjohn@example.net,2026-03-31 09:59:58,REGULAR
C0594,Denise Wong,robert12@example.org,2025-02-22 02:09:33,REGULAR
C0595,Jesse Chavez,blopez@example.org,2024-08-19 16:55:13,VIP
C0596,Alison Compton,joseph70@example.org,2024-09-20 05:06:19,VIP
C0597,Johnny Peterson,kristi75@example.com,2026-01-04 11:31:04,REGULAR
C0598,Erin Bridges,brianrowe@example.org,2025-09-07 01:32:36,REGULAR
C0599,Corey Skinner,hclayton@example.net,2025-01-21 12:42:23,REGULAR
C0600,William Wright,gonzalezjill@example.org,2025-08-20 22:26:56,REGULAR
